#
# There is insufficient memory for the Java Runtime Environment to continue.
# Native memory allocation (mmap) failed to map 303038464 bytes. Error detail: G1 virtual space
# Possible reasons:
#   The system is out of physical RAM or swap space
#   This process is running with CompressedOops enabled, and the Java Heap may be blocking the growth of the native heap
# Possible solutions:
#   Reduce memory load on the system
#   Increase physical memory or swap space
#   Check if swap backing store is full
#   Decrease Java heap size (-Xmx/-Xms)
#   Decrease number of Java threads
#   Decrease Java thread stack sizes (-Xss)
#   Set larger code cache with -XX:ReservedCodeCacheSize=
#   JVM is running with Unscaled Compressed Oops mode in which the Java heap is
#     placed in the first 4GB address space. The Java Heap base address is the
#     maximum limit for the native heap growth. Please use -XX:HeapBaseMinAddress
#     to set the Java Heap base and to place the Java Heap above 4GB virtual address.
# This output file may be truncated or incomplete.
#
#  Out of Memory Error (os_windows.cpp:3702), pid=13000, tid=17120
#
# JRE version: OpenJDK Runtime Environment Microsoft-14653939 (17.0.20+8) (build 17.0.20+8-LTS)
# Java VM: OpenJDK 64-Bit Server VM Microsoft-14653939 (17.0.20+8-LTS, mixed mode, sharing, tiered, compressed oops, compressed class ptrs, g1 gc, windows-amd64)
# No core dump will be written. Minidumps are not enabled by default on client versions of Windows
#

---------------  S U M M A R Y ------------

Command Line: --add-opens=java.base/java.lang=ALL-UNNAMED --add-opens=java.base/java.lang.invoke=ALL-UNNAMED --add-opens=java.base/java.util=ALL-UNNAMED --add-opens=java.prefs/java.util.prefs=ALL-UNNAMED --add-exports=jdk.compiler/com.sun.tools.javac.api=ALL-UNNAMED --add-exports=jdk.compiler/com.sun.tools.javac.util=ALL-UNNAMED --add-opens=java.base/java.util=ALL-UNNAMED --add-opens=java.prefs/java.util.prefs=ALL-UNNAMED --add-opens=java.base/java.nio.charset=ALL-UNNAMED --add-opens=java.base/java.net=ALL-UNNAMED --add-opens=java.base/java.util.concurrent=ALL-UNNAMED --add-opens=java.base/java.util.concurrent.atomic=ALL-UNNAMED --add-opens=java.xml/javax.xml.namespace=ALL-UNNAMED --add-opens=java.base/java.time=ALL-UNNAMED -Xmx2048m -Dfile.encoding=UTF-8 -Duser.country=GB -Duser.language=en -Duser.variant -javaagent:C:\Users\Quvonchbek\.gradle\wrapper\dists\gradle-9.1.0-bin\9agqghryom9wkf8r80qlhnts3\gradle-9.1.0\lib\agents\gradle-instrumentation-agent-9.1.0.jar org.gradle.launcher.daemon.bootstrap.GradleDaemon 9.1.0

Host: 12th Gen Intel(R) Core(TM) i5-1235U, 12 cores, 7G,  Windows 11 , 64 bit Build 26100 (10.0.26100.9278)
Time: Tue Sep  1 18:24:15 2026 West Asia Standard Time elapsed time: 83.408068 seconds (0d 0h 1m 23s)

---------------  T H R E A D  ---------------

Current thread (0x00000262f619bb30):  VMThread "VM Thread" [stack: 0x000000eecdf00000,0x000000eece000000] [id=17120]

Stack: [0x000000eecdf00000,0x000000eece000000]
Native frames: (J=compiled Java code, j=interpreted, Vv=VM code, C=native code)
V  [jvm.dll+0x68d159]  (no source info available)
V  [jvm.dll+0x8462c9]  (no source info available)
V  [jvm.dll+0x84803b]  (no source info available)
V  [jvm.dll+0x8486c3]  (no source info available)
V  [jvm.dll+0x24d12f]  (no source info available)
V  [jvm.dll+0x68c559]  (no source info available)
V  [jvm.dll+0x68084a]  (no source info available)
V  [jvm.dll+0x3103f0]  (no source info available)
V  [jvm.dll+0x310292]  (no source info available)
V  [jvm.dll+0x317809]  (no source info available)
V  [jvm.dll+0x369b89]  (no source info available)
V  [jvm.dll+0x369dbd]  (no source info available)
V  [jvm.dll+0x2e6bfa]  (no source info available)
V  [jvm.dll+0x2e4ff1]  (no source info available)
V  [jvm.dll+0x2e478c]  (no source info available)
V  [jvm.dll+0x3290db]  (no source info available)
V  [jvm.dll+0x84cf4d]  (no source info available)
V  [jvm.dll+0x84dc63]  (no source info available)
V  [jvm.dll+0x84e194]  (no source info available)
V  [jvm.dll+0x84e578]  (no source info available)
V  [jvm.dll+0x84e66e]  (no source info available)
V  [jvm.dll+0x7f67dc]  (no source info available)
V  [jvm.dll+0x68e6f7]  (no source info available)
C  [ucrtbase.dll+0x2cd30]  (no source info available)
C  [KERNEL32.DLL+0x2ccb7]  (no source info available)
C  [ntdll.dll+0xacaec]  (no source info available)

VM_Operation (0x000000eedb7fd060): G1CollectForAllocation, mode: safepoint, requested by thread 0x00000262fddbe610


---------------  P R O C E S S  ---------------

Threads class SMR info:
_java_thread_list=0x00000262fc8a8210, length=205, elements={
0x00000262d7886190, 0x00000262f61a16a0, 0x00000262f61a4cf0, 0x00000262f61b8840,
0x00000262f61b9110, 0x00000262f61b99e0, 0x00000262f61ba2b0, 0x00000262f61c1530,
0x00000262f61c51d0, 0x00000262f61c8c70, 0x00000262f618e6c0, 0x00000262f637d2a0,
0x00000262fb3151a0, 0x00000262f68f2250, 0x00000262fc0dbfb0, 0x00000262fc06d130,
0x00000262fc06d610, 0x00000262fc06e210, 0x00000262fc1491c0, 0x00000262fc10aaa0,
0x00000262fc10c900, 0x00000262fc10a590, 0x00000262fc10b9d0, 0x00000262fc10d320,
0x00000262fc10bee0, 0x00000262fc10afb0, 0x00000262fc10b4c0, 0x00000262fc10c3f0,
0x00000262fc10d830, 0x00000262fe8239b0, 0x00000262fe822060, 0x00000262fe822f90,
0x00000262fe825d20, 0x00000262fe822570, 0x00000262fe822a80, 0x00000262fe826230,
0x00000262fe826740, 0x00000262fe823ec0, 0x00000262fe826c50, 0x00000262fe8234a0,
0x00000262fe827160, 0x00000262fe827670, 0x00000262fe827b80, 0x00000262fe8248e0,
0x00000262fe8243d0, 0x00000262fe828090, 0x00000262fe824df0, 0x00000262fe8285a0,
0x00000262fe828ab0, 0x00000262fe825300, 0x00000262fe828fc0, 0x00000262fe8294d0,
0x00000262fe8299e0, 0x00000262fb3f2a40, 0x00000262fb3f3970, 0x00000262fb3f3460,
0x00000262fb3f2530, 0x00000262fb3f2020, 0x00000262fb3f3e80, 0x00000262fb3f4390,
0x00000262fb3f0be0, 0x00000262fb3f2f50, 0x00000262fb3f10f0, 0x00000262fb3f1600,
0x00000262fb3f1b10, 0x00000262ff2d6fd0, 0x00000262ff2d6ac0, 0x00000262ff2d65b0,
0x00000262ff2d8920, 0x00000262ff2d8e30, 0x00000262ff2d74e0, 0x00000262ff2d79f0,
0x00000262ff2d9340, 0x00000262ff2d5b90, 0x00000262ff2d60a0, 0x00000262ff2d7f00,
0x00000262ff2d8410, 0x00000262f69b9ce0, 0x00000262f69bc560, 0x00000262f69bb630,
0x00000262f69bc050, 0x00000262f69bac10, 0x00000262f69bca70, 0x00000262f69b92c0,
0x00000262f69bcf80, 0x00000262f69b97d0, 0x00000262f69ba700, 0x00000262f69bd490,
0x00000262f69bb120, 0x00000262f69bd9a0, 0x00000262f69ba1f0, 0x00000262f69bdeb0,
0x00000262f69be3c0, 0x00000262f69be8d0, 0x00000262f69bbb40, 0x00000262f69bf2f0,
0x00000262f69bede0, 0x00000262f69bf800, 0x00000262f69bfd10, 0x00000262f69c0220,
0x00000262f69c0730, 0x00000262f69c0c40, 0x00000262fcb96b20, 0x00000262fcb97a50,
0x00000262fcb99dc0, 0x00000262fcb97540, 0x00000262fcb97f60, 0x00000262fcb9a2d0,
0x00000262fcb9a7e0, 0x00000262fcb97030, 0x00000262fcb9acf0, 0x00000262fcb9b200,
0x00000262fcb98470, 0x00000262fcb9b710, 0x00000262fcb9bc20, 0x00000262fcb98e90,
0x00000262fcb9c130, 0x00000262fcb98980, 0x00000262fcb9c640, 0x00000262fcb9cb50,
0x00000262fcb993a0, 0x00000262fcb9d060, 0x00000262fcb998b0, 0x00000262fcb9da80,
0x00000262fcb9e4a0, 0x00000262fcb9df90, 0x00000262fed241f0, 0x00000262fed24700,
0x00000262fed237d0, 0x00000262fed22390, 0x00000262fed20f50, 0x00000262fed21970,
0x00000262fed232c0, 0x00000262fed228a0, 0x00000262fed23ce0, 0x00000262fed21e80,
0x00000262fed21460, 0x00000262fed22db0, 0x00000262fcb9d570, 0x00000262ff4d3bb0,
0x00000262ff4d40c0, 0x00000262ff4d3190, 0x00000262ff4d36a0, 0x00000262ff4d2770,
0x00000262ff4d1d50, 0x00000262ff4d2260, 0x00000262ff4d0e20, 0x00000262ff4d2c80,
0x00000262ff4d1840, 0x00000262ff4d0910, 0x00000262ff4d4ae0, 0x00000262ff4d4ff0,
0x00000262ff4d7360, 0x00000262ff4d45d0, 0x00000262ff4d5500, 0x00000262ff4d5f20,
0x00000262ff4d6430, 0x00000262ff4d1330, 0x00000262ff4d6e50, 0x00000262ff4d8290,
0x00000262ff4d7d80, 0x00000262ff4d7870, 0x00000262ff4d5a10, 0x00000262ff4d6940,
0x00000262fcad0b10, 0x00000262fcacecb0, 0x00000262fcad1530, 0x00000262fcacfbe0,
0x00000262fcace290, 0x00000262fcad1a40, 0x00000262fcad1f50, 0x00000262fcad00f0,
0x00000262fcacf1c0, 0x00000262fcace7a0, 0x00000262fcad2460, 0x00000262c13cb580,
0x00000262c1101640, 0x00000262c1101b50, 0x00000262c1102060, 0x00000262fdf09ae0,
0x00000262c1f07c40, 0x00000262c11dd4a0, 0x00000262c11dca80, 0x00000262c1bdb1d0,
0x00000262c1c28360, 0x00000262c1bdb6e0, 0x00000262c1a46a90, 0x00000262c1a46fa0,
0x00000262c1a474b0, 0x00000262c1a46070, 0x00000262c1a46580, 0x00000262c1cedcb0,
0x00000262c1cebe50, 0x00000262c1cee6d0, 0x00000262c1ced7a0, 0x00000262c1cec360,
0x00000262c1cec870, 0x00000262fdc47040, 0x00000262fddbe100, 0x00000262fddbe610,
0x00000262fddbb880, 0x00000262fddbccc0, 0x00000262fddbbd90, 0x00000262fddbd6e0,
0x00000262fddbd1d0
}

Java Threads: ( => current thread )
  0x00000262d7886190 JavaThread "main" [_thread_blocked, id=13232, stack(0x000000eecd900000,0x000000eecda00000)]
  0x00000262f61a16a0 JavaThread "Reference Handler" daemon [_thread_blocked, id=25260, stack(0x000000eece000000,0x000000eece100000)]
  0x00000262f61a4cf0 JavaThread "Finalizer" daemon [_thread_blocked, id=29084, stack(0x000000eece100000,0x000000eece200000)]
  0x00000262f61b8840 JavaThread "Signal Dispatcher" daemon [_thread_blocked, id=26872, stack(0x000000eece200000,0x000000eece300000)]
  0x00000262f61b9110 JavaThread "Attach Listener" daemon [_thread_blocked, id=25816, stack(0x000000eece300000,0x000000eece400000)]
  0x00000262f61b99e0 JavaThread "Service Thread" daemon [_thread_blocked, id=25328, stack(0x000000eece400000,0x000000eece500000)]
  0x00000262f61ba2b0 JavaThread "Monitor Deflation Thread" daemon [_thread_blocked, id=27008, stack(0x000000eece500000,0x000000eece600000)]
  0x00000262f61c1530 JavaThread "C2 CompilerThread0" daemon [_thread_blocked, id=11088, stack(0x000000eece600000,0x000000eece700000)]
  0x00000262f61c51d0 JavaThread "C1 CompilerThread0" daemon [_thread_blocked, id=5984, stack(0x000000eece700000,0x000000eece800000)]
  0x00000262f61c8c70 JavaThread "Sweeper thread" daemon [_thread_blocked, id=24580, stack(0x000000eece800000,0x000000eece900000)]
  0x00000262f618e6c0 JavaThread "Common-Cleaner" daemon [_thread_blocked, id=29200, stack(0x000000eece900000,0x000000eecea00000)]
  0x00000262f637d2a0 JavaThread "Notification Thread" daemon [_thread_blocked, id=19352, stack(0x000000eecea00000,0x000000eeceb00000)]
  0x00000262fb3151a0 JavaThread "Daemon health stats" [_thread_blocked, id=11400, stack(0x000000eecf100000,0x000000eecf200000)]
  0x00000262f68f2250 JavaThread "Incoming local TCP Connector on port 50337" [_thread_in_native, id=28052, stack(0x000000eecf200000,0x000000eecf300000)]
  0x00000262fc0dbfb0 JavaThread "Daemon periodic checks" [_thread_blocked, id=3296, stack(0x000000eecf300000,0x000000eecf400000)]
  0x00000262fc06d130 JavaThread "Daemon" [_thread_blocked, id=11636, stack(0x000000eecf400000,0x000000eecf500000)]
  0x00000262fc06d610 JavaThread "Handler for socket connection from /127.0.0.1:50337 to /127.0.0.1:50338" [_thread_in_native, id=28756, stack(0x000000eecf500000,0x000000eecf600000)]
  0x00000262fc06e210 JavaThread "Cancel handler" [_thread_blocked, id=28484, stack(0x000000eecf600000,0x000000eecf700000)]
  0x00000262fc1491c0 JavaThread "Daemon worker" [_thread_blocked, id=10632, stack(0x000000eecf700000,0x000000eecf800000)]
  0x00000262fc10aaa0 JavaThread "Asynchronous log dispatcher for DefaultDaemonConnection: socket connection from /127.0.0.1:50337 to /127.0.0.1:50338" [_thread_blocked, id=12268, stack(0x000000eecf800000,0x000000eecf900000)]
  0x00000262fc10c900 JavaThread "Stdin handler" [_thread_blocked, id=10888, stack(0x000000eecf900000,0x000000eecfa00000)]
  0x00000262fc10a590 JavaThread "Daemon client event forwarder" [_thread_blocked, id=2812, stack(0x000000eecfa00000,0x000000eecfb00000)]
  0x00000262fc10b9d0 JavaThread "Cache worker for journal cache (C:\Users\Quvonchbek\.gradle\caches\journal-1)" [_thread_blocked, id=16268, stack(0x000000eecfb00000,0x000000eecfc00000)]
  0x00000262fc10d320 JavaThread "File lock request listener" [_thread_in_native, id=17856, stack(0x000000eecfc00000,0x000000eecfd00000)]
  0x00000262fc10bee0 JavaThread "Cache worker for file hash cache (C:\Users\Quvonchbek\.gradle\caches\9.1.0\fileHashes)" [_thread_blocked, id=25920, stack(0x000000eecec00000,0x000000eeced00000)]
  0x00000262fc10afb0 JavaThread "Cache worker for file hash cache (C:\Users\Quvonchbek\Desktop\Tic tac toe\android-app\.gradle\9.1.0\fileHashes)" [_thread_blocked, id=17564, stack(0x000000eed0400000,0x000000eed0500000)]
  0x00000262fc10b4c0 JavaThread "Cache worker for checksums cache (C:\Users\Quvonchbek\Desktop\Tic tac toe\android-app\.gradle\9.1.0\checksums)" [_thread_blocked, id=29092, stack(0x000000eed0500000,0x000000eed0600000)]
  0x00000262fc10c3f0 JavaThread "Cache worker for Build Output Cleanup Cache (C:\Users\Quvonchbek\Desktop\Tic tac toe\android-app\.gradle\buildOutputCleanup)" [_thread_blocked, id=26772, stack(0x000000eed0700000,0x000000eed0800000)]
  0x00000262fc10d830 JavaThread "Cache worker for file content cache (C:\Users\Quvonchbek\.gradle\caches\9.1.0\fileContent)" [_thread_blocked, id=25564, stack(0x000000eed0800000,0x000000eed0900000)]
  0x00000262fe8239b0 JavaThread "File watcher server" daemon [_thread_blocked, id=27960, stack(0x000000eed0900000,0x000000eed0a00000)]
  0x00000262fe822060 JavaThread "File watcher consumer" daemon [_thread_blocked, id=27560, stack(0x000000eed0a00000,0x000000eed0b00000)]
  0x00000262fe822f90 JavaThread "Cache worker for cache directory md-supplier (C:\Users\Quvonchbek\.gradle\caches\9.1.0\md-supplier)" [_thread_blocked, id=3756, stack(0x000000eed0b00000,0x000000eed0c00000)]
  0x00000262fe825d20 JavaThread "Cache worker for cache directory md-rule (C:\Users\Quvonchbek\.gradle\caches\9.1.0\md-rule)" [_thread_blocked, id=12948, stack(0x000000eed1000000,0x000000eed1100000)]
  0x00000262fe822570 JavaThread "build event listener" [_thread_blocked, id=28444, stack(0x000000eed1200000,0x000000eed1300000)]
  0x00000262fe822a80 JavaThread "build event listener" [_thread_blocked, id=16984, stack(0x000000eed1300000,0x000000eed1400000)]
  0x00000262fe826230 JavaThread "build event listener" [_thread_blocked, id=28108, stack(0x000000eed1400000,0x000000eed1500000)]
  0x00000262fe826740 JavaThread "Build operations" [_thread_blocked, id=11344, stack(0x000000eed1500000,0x000000eed1600000)]
  0x00000262fe823ec0 JavaThread "Memory manager" [_thread_blocked, id=7732, stack(0x000000eed0600000,0x000000eed0700000)]
  0x00000262fe826c50 JavaThread "included builds" [_thread_blocked, id=17244, stack(0x000000eed1100000,0x000000eed1200000)]
  0x00000262fe8234a0 JavaThread "Execution worker" [_thread_blocked, id=28664, stack(0x000000eed1600000,0x000000eed1700000)]
  0x00000262fe827160 JavaThread "Execution worker Thread 2" [_thread_blocked, id=28520, stack(0x000000eed1700000,0x000000eed1800000)]
  0x00000262fe827670 JavaThread "Execution worker Thread 3" [_thread_blocked, id=22388, stack(0x000000eed1800000,0x000000eed1900000)]
  0x00000262fe827b80 JavaThread "Execution worker Thread 4" [_thread_blocked, id=20628, stack(0x000000eed1900000,0x000000eed1a00000)]
  0x00000262fe8248e0 JavaThread "Execution worker Thread 5" [_thread_blocked, id=28028, stack(0x000000eed1a00000,0x000000eed1b00000)]
  0x00000262fe8243d0 JavaThread "Execution worker Thread 6" [_thread_blocked, id=10476, stack(0x000000eed1b00000,0x000000eed1c00000)]
  0x00000262fe828090 JavaThread "Execution worker Thread 7" [_thread_blocked, id=17476, stack(0x000000eed1c00000,0x000000eed1d00000)]
  0x00000262fe824df0 JavaThread "Execution worker Thread 8" [_thread_blocked, id=24844, stack(0x000000eed1d00000,0x000000eed1e00000)]
  0x00000262fe8285a0 JavaThread "Execution worker Thread 9" [_thread_blocked, id=192, stack(0x000000eed1e00000,0x000000eed1f00000)]
  0x00000262fe828ab0 JavaThread "Execution worker Thread 10" [_thread_blocked, id=24876, stack(0x000000eed1f00000,0x000000eed2000000)]
  0x00000262fe825300 JavaThread "Execution worker Thread 11" [_thread_blocked, id=27600, stack(0x000000eed2000000,0x000000eed2100000)]
  0x00000262fe828fc0 JavaThread "Cache worker for execution history cache (C:\Users\Quvonchbek\Desktop\Tic tac toe\android-app\.gradle\9.1.0\executionHistory)" [_thread_blocked, id=23352, stack(0x000000eed2100000,0x000000eed2200000)]
  0x00000262fe8294d0 JavaThread "Unconstrained build operations" [_thread_blocked, id=28192, stack(0x000000eed2200000,0x000000eed2300000)]
  0x00000262fe8299e0 JavaThread "Unconstrained build operations Thread 2" [_thread_blocked, id=28276, stack(0x000000eed2300000,0x000000eed2400000)]
  0x00000262fb3f2a40 JavaThread "Unconstrained build operations Thread 3" [_thread_blocked, id=14072, stack(0x000000eed2400000,0x000000eed2500000)]
  0x00000262fb3f3970 JavaThread "Unconstrained build operations Thread 4" [_thread_blocked, id=26016, stack(0x000000eed2500000,0x000000eed2600000)]
  0x00000262fb3f3460 JavaThread "Unconstrained build operations Thread 5" [_thread_blocked, id=6904, stack(0x000000eed2600000,0x000000eed2700000)]
  0x00000262fb3f2530 JavaThread "Unconstrained build operations Thread 6" [_thread_blocked, id=10600, stack(0x000000eed2700000,0x000000eed2800000)]
  0x00000262fb3f2020 JavaThread "Unconstrained build operations Thread 9" [_thread_blocked, id=20364, stack(0x000000eed2800000,0x000000eed2900000)]
  0x00000262fb3f3e80 JavaThread "Unconstrained build operations Thread 8" [_thread_blocked, id=15604, stack(0x000000eed2900000,0x000000eed2a00000)]
  0x00000262fb3f4390 JavaThread "Unconstrained build operations Thread 7" [_thread_blocked, id=8684, stack(0x000000eed2a00000,0x000000eed2b00000)]
  0x00000262fb3f0be0 JavaThread "Unconstrained build operations Thread 11" [_thread_blocked, id=1628, stack(0x000000eed2b00000,0x000000eed2c00000)]
  0x00000262fb3f2f50 JavaThread "Unconstrained build operations Thread 12" [_thread_blocked, id=18956, stack(0x000000eed2c00000,0x000000eed2d00000)]
  0x00000262fb3f10f0 JavaThread "Unconstrained build operations Thread 10" [_thread_blocked, id=24064, stack(0x000000eed2d00000,0x000000eed2e00000)]
  0x00000262fb3f1600 JavaThread "Unconstrained build operations Thread 13" [_thread_blocked, id=29656, stack(0x000000eed2e00000,0x000000eed2f00000)]
  0x00000262fb3f1b10 JavaThread "Unconstrained build operations Thread 14" [_thread_blocked, id=24364, stack(0x000000eed2f00000,0x000000eed3000000)]
  0x00000262ff2d6fd0 JavaThread "Unconstrained build operations Thread 15" [_thread_blocked, id=23948, stack(0x000000eed3000000,0x000000eed3100000)]
  0x00000262ff2d6ac0 JavaThread "Unconstrained build operations Thread 17" [_thread_blocked, id=20768, stack(0x000000eed3100000,0x000000eed3200000)]
  0x00000262ff2d65b0 JavaThread "Unconstrained build operations Thread 18" [_thread_blocked, id=12112, stack(0x000000eed3200000,0x000000eed3300000)]
  0x00000262ff2d8920 JavaThread "Unconstrained build operations Thread 16" [_thread_blocked, id=25128, stack(0x000000eed3300000,0x000000eed3400000)]
  0x00000262ff2d8e30 JavaThread "Unconstrained build operations Thread 20" [_thread_blocked, id=23476, stack(0x000000eed3400000,0x000000eed3500000)]
  0x00000262ff2d74e0 JavaThread "Unconstrained build operations Thread 19" [_thread_blocked, id=21776, stack(0x000000eed3500000,0x000000eed3600000)]
  0x00000262ff2d79f0 JavaThread "Unconstrained build operations Thread 21" [_thread_blocked, id=27104, stack(0x000000eed3600000,0x000000eed3700000)]
  0x00000262ff2d9340 JavaThread "Unconstrained build operations Thread 22" [_thread_blocked, id=18504, stack(0x000000eed3700000,0x000000eed3800000)]
  0x00000262ff2d5b90 JavaThread "Unconstrained build operations Thread 23" [_thread_blocked, id=27940, stack(0x000000eed3800000,0x000000eed3900000)]
  0x00000262ff2d60a0 JavaThread "Unconstrained build operations Thread 24" [_thread_blocked, id=26952, stack(0x000000eed3900000,0x000000eed3a00000)]
  0x00000262ff2d7f00 JavaThread "Unconstrained build operations Thread 25" [_thread_blocked, id=16040, stack(0x000000eed3a00000,0x000000eed3b00000)]
  0x00000262ff2d8410 JavaThread "Unconstrained build operations Thread 26" [_thread_blocked, id=27020, stack(0x000000eed3b00000,0x000000eed3c00000)]
  0x00000262f69b9ce0 JavaThread "Unconstrained build operations Thread 27" [_thread_blocked, id=9120, stack(0x000000eed3c00000,0x000000eed3d00000)]
  0x00000262f69bc560 JavaThread "Unconstrained build operations Thread 28" [_thread_blocked, id=28684, stack(0x000000eed3d00000,0x000000eed3e00000)]
  0x00000262f69bb630 JavaThread "Unconstrained build operations Thread 30" [_thread_blocked, id=8108, stack(0x000000eed3e00000,0x000000eed3f00000)]
  0x00000262f69bc050 JavaThread "Unconstrained build operations Thread 29" [_thread_blocked, id=18952, stack(0x000000eed3f00000,0x000000eed4000000)]
  0x00000262f69bac10 JavaThread "Unconstrained build operations Thread 32" [_thread_blocked, id=29404, stack(0x000000eed4000000,0x000000eed4100000)]
  0x00000262f69bca70 JavaThread "Unconstrained build operations Thread 31" [_thread_blocked, id=26600, stack(0x000000eed4100000,0x000000eed4200000)]
  0x00000262f69b92c0 JavaThread "Unconstrained build operations Thread 33" [_thread_blocked, id=5612, stack(0x000000eed4200000,0x000000eed4300000)]
  0x00000262f69bcf80 JavaThread "Unconstrained build operations Thread 34" [_thread_blocked, id=22700, stack(0x000000eed4300000,0x000000eed4400000)]
  0x00000262f69b97d0 JavaThread "Unconstrained build operations Thread 35" [_thread_blocked, id=28592, stack(0x000000eed4400000,0x000000eed4500000)]
  0x00000262f69ba700 JavaThread "Unconstrained build operations Thread 36" [_thread_blocked, id=9372, stack(0x000000eed4500000,0x000000eed4600000)]
  0x00000262f69bd490 JavaThread "Unconstrained build operations Thread 37" [_thread_blocked, id=15476, stack(0x000000eed4600000,0x000000eed4700000)]
  0x00000262f69bb120 JavaThread "Unconstrained build operations Thread 38" [_thread_blocked, id=21920, stack(0x000000eed4700000,0x000000eed4800000)]
  0x00000262f69bd9a0 JavaThread "Unconstrained build operations Thread 39" [_thread_blocked, id=6964, stack(0x000000eed4800000,0x000000eed4900000)]
  0x00000262f69ba1f0 JavaThread "Unconstrained build operations Thread 40" [_thread_blocked, id=25288, stack(0x000000eed4900000,0x000000eed4a00000)]
  0x00000262f69bdeb0 JavaThread "Unconstrained build operations Thread 42" [_thread_blocked, id=2212, stack(0x000000eed4a00000,0x000000eed4b00000)]
  0x00000262f69be3c0 JavaThread "Unconstrained build operations Thread 41" [_thread_blocked, id=21580, stack(0x000000eed4b00000,0x000000eed4c00000)]
  0x00000262f69be8d0 JavaThread "Unconstrained build operations Thread 43" [_thread_blocked, id=1820, stack(0x000000eed4c00000,0x000000eed4d00000)]
  0x00000262f69bbb40 JavaThread "Unconstrained build operations Thread 44" [_thread_blocked, id=27752, stack(0x000000eed4d00000,0x000000eed4e00000)]
  0x00000262f69bf2f0 JavaThread "Unconstrained build operations Thread 45" [_thread_blocked, id=21664, stack(0x000000eed4e00000,0x000000eed4f00000)]
  0x00000262f69bede0 JavaThread "Unconstrained build operations Thread 46" [_thread_blocked, id=21804, stack(0x000000eed4f00000,0x000000eed5000000)]
  0x00000262f69bf800 JavaThread "Unconstrained build operations Thread 48" [_thread_blocked, id=10652, stack(0x000000eed5000000,0x000000eed5100000)]
  0x00000262f69bfd10 JavaThread "Unconstrained build operations Thread 49" [_thread_blocked, id=24036, stack(0x000000eed5100000,0x000000eed5200000)]
  0x00000262f69c0220 JavaThread "Unconstrained build operations Thread 47" [_thread_blocked, id=11316, stack(0x000000eed5200000,0x000000eed5300000)]
  0x00000262f69c0730 JavaThread "Unconstrained build operations Thread 50" [_thread_blocked, id=28212, stack(0x000000eed5300000,0x000000eed5400000)]
  0x00000262f69c0c40 JavaThread "Unconstrained build operations Thread 51" [_thread_blocked, id=22040, stack(0x000000eed5400000,0x000000eed5500000)]
  0x00000262fcb96b20 JavaThread "Unconstrained build operations Thread 52" [_thread_blocked, id=10032, stack(0x000000eed5500000,0x000000eed5600000)]
  0x00000262fcb97a50 JavaThread "Unconstrained build operations Thread 53" [_thread_blocked, id=17380, stack(0x000000eed5600000,0x000000eed5700000)]
  0x00000262fcb99dc0 JavaThread "Unconstrained build operations Thread 54" [_thread_blocked, id=22756, stack(0x000000eed5700000,0x000000eed5800000)]
  0x00000262fcb97540 JavaThread "Unconstrained build operations Thread 55" [_thread_blocked, id=9608, stack(0x000000eed5800000,0x000000eed5900000)]
  0x00000262fcb97f60 JavaThread "Unconstrained build operations Thread 56" [_thread_blocked, id=18940, stack(0x000000eed5900000,0x000000eed5a00000)]
  0x00000262fcb9a2d0 JavaThread "Unconstrained build operations Thread 57" [_thread_blocked, id=28948, stack(0x000000eed5a00000,0x000000eed5b00000)]
  0x00000262fcb9a7e0 JavaThread "Unconstrained build operations Thread 58" [_thread_blocked, id=21008, stack(0x000000eed5b00000,0x000000eed5c00000)]
  0x00000262fcb97030 JavaThread "Unconstrained build operations Thread 59" [_thread_blocked, id=27136, stack(0x000000eed5c00000,0x000000eed5d00000)]
  0x00000262fcb9acf0 JavaThread "Unconstrained build operations Thread 60" [_thread_blocked, id=20252, stack(0x000000eed5d00000,0x000000eed5e00000)]
  0x00000262fcb9b200 JavaThread "Unconstrained build operations Thread 61" [_thread_blocked, id=20296, stack(0x000000eed5e00000,0x000000eed5f00000)]
  0x00000262fcb98470 JavaThread "Unconstrained build operations Thread 62" [_thread_blocked, id=27372, stack(0x000000eed5f00000,0x000000eed6000000)]
  0x00000262fcb9b710 JavaThread "Unconstrained build operations Thread 63" [_thread_blocked, id=9472, stack(0x000000eed6000000,0x000000eed6100000)]
  0x00000262fcb9bc20 JavaThread "Unconstrained build operations Thread 64" [_thread_blocked, id=17636, stack(0x000000eed6100000,0x000000eed6200000)]
  0x00000262fcb98e90 JavaThread "Unconstrained build operations Thread 65" [_thread_blocked, id=19848, stack(0x000000eed6200000,0x000000eed6300000)]
  0x00000262fcb9c130 JavaThread "Unconstrained build operations Thread 66" [_thread_blocked, id=19576, stack(0x000000eed6300000,0x000000eed6400000)]
  0x00000262fcb98980 JavaThread "Unconstrained build operations Thread 67" [_thread_blocked, id=24448, stack(0x000000eed6400000,0x000000eed6500000)]
  0x00000262fcb9c640 JavaThread "Unconstrained build operations Thread 68" [_thread_blocked, id=21716, stack(0x000000eed6500000,0x000000eed6600000)]
  0x00000262fcb9cb50 JavaThread "Unconstrained build operations Thread 69" [_thread_blocked, id=27032, stack(0x000000eed6600000,0x000000eed6700000)]
  0x00000262fcb993a0 JavaThread "Unconstrained build operations Thread 70" [_thread_blocked, id=21872, stack(0x000000eed6700000,0x000000eed6800000)]
  0x00000262fcb9d060 JavaThread "Unconstrained build operations Thread 71" [_thread_blocked, id=29264, stack(0x000000eed6800000,0x000000eed6900000)]
  0x00000262fcb998b0 JavaThread "Unconstrained build operations Thread 72" [_thread_blocked, id=21884, stack(0x000000eed6900000,0x000000eed6a00000)]
  0x00000262fcb9da80 JavaThread "Unconstrained build operations Thread 73" [_thread_blocked, id=19864, stack(0x000000eed6a00000,0x000000eed6b00000)]
  0x00000262fcb9e4a0 JavaThread "Unconstrained build operations Thread 74" [_thread_blocked, id=21148, stack(0x000000eed6b00000,0x000000eed6c00000)]
  0x00000262fcb9df90 JavaThread "Unconstrained build operations Thread 75" [_thread_blocked, id=18576, stack(0x000000eed6c00000,0x000000eed6d00000)]
  0x00000262fed241f0 JavaThread "Unconstrained build operations Thread 76" [_thread_blocked, id=29316, stack(0x000000eed6d00000,0x000000eed6e00000)]
  0x00000262fed24700 JavaThread "Unconstrained build operations Thread 77" [_thread_blocked, id=2560, stack(0x000000eed6e00000,0x000000eed6f00000)]
  0x00000262fed237d0 JavaThread "pool-2-thread-1" [_thread_blocked, id=21692, stack(0x000000eed6f00000,0x000000eed7000000)]
  0x00000262fed22390 JavaThread "Unconstrained build operations Thread 78" [_thread_blocked, id=724, stack(0x000000eed7000000,0x000000eed7100000)]
  0x00000262fed20f50 JavaThread "Unconstrained build operations Thread 79" [_thread_blocked, id=2776, stack(0x000000eed7100000,0x000000eed7200000)]
  0x00000262fed21970 JavaThread "Unconstrained build operations Thread 80" [_thread_blocked, id=29640, stack(0x000000eed7200000,0x000000eed7300000)]
  0x00000262fed232c0 JavaThread "Unconstrained build operations Thread 81" [_thread_blocked, id=1960, stack(0x000000eed7300000,0x000000eed7400000)]
  0x00000262fed228a0 JavaThread "Unconstrained build operations Thread 82" [_thread_blocked, id=17864, stack(0x000000eed7400000,0x000000eed7500000)]
  0x00000262fed23ce0 JavaThread "Unconstrained build operations Thread 83" [_thread_blocked, id=7516, stack(0x000000eed7500000,0x000000eed7600000)]
  0x00000262fed21e80 JavaThread "Unconstrained build operations Thread 84" [_thread_blocked, id=23196, stack(0x000000eed7600000,0x000000eed7700000)]
  0x00000262fed21460 JavaThread "Unconstrained build operations Thread 85" [_thread_blocked, id=23424, stack(0x000000eed7700000,0x000000eed7800000)]
  0x00000262fed22db0 JavaThread "Unconstrained build operations Thread 86" [_thread_blocked, id=29408, stack(0x000000eed7800000,0x000000eed7900000)]
  0x00000262fcb9d570 JavaThread "Unconstrained build operations Thread 87" [_thread_blocked, id=24300, stack(0x000000eed7900000,0x000000eed7a00000)]
  0x00000262ff4d3bb0 JavaThread "Unconstrained build operations Thread 88" [_thread_blocked, id=22480, stack(0x000000eed7a00000,0x000000eed7b00000)]
  0x00000262ff4d40c0 JavaThread "Unconstrained build operations Thread 89" [_thread_blocked, id=27644, stack(0x000000eed7b00000,0x000000eed7c00000)]
  0x00000262ff4d3190 JavaThread "Unconstrained build operations Thread 90" [_thread_blocked, id=13492, stack(0x000000eed7c00000,0x000000eed7d00000)]
  0x00000262ff4d36a0 JavaThread "Unconstrained build operations Thread 91" [_thread_blocked, id=11320, stack(0x000000eed7d00000,0x000000eed7e00000)]
  0x00000262ff4d2770 JavaThread "Unconstrained build operations Thread 92" [_thread_blocked, id=29184, stack(0x000000eed7e00000,0x000000eed7f00000)]
  0x00000262ff4d1d50 JavaThread "Unconstrained build operations Thread 93" [_thread_blocked, id=7308, stack(0x000000eed7f00000,0x000000eed8000000)]
  0x00000262ff4d2260 JavaThread "Unconstrained build operations Thread 94" [_thread_blocked, id=29112, stack(0x000000eed8000000,0x000000eed8100000)]
  0x00000262ff4d0e20 JavaThread "Unconstrained build operations Thread 95" [_thread_blocked, id=25464, stack(0x000000eed8100000,0x000000eed8200000)]
  0x00000262ff4d2c80 JavaThread "Unconstrained build operations Thread 96" [_thread_blocked, id=27668, stack(0x000000eed8200000,0x000000eed8300000)]
  0x00000262ff4d1840 JavaThread "Unconstrained build operations Thread 97" [_thread_blocked, id=17460, stack(0x000000eed8300000,0x000000eed8400000)]
  0x00000262ff4d0910 JavaThread "Unconstrained build operations Thread 98" [_thread_blocked, id=29512, stack(0x000000eed8400000,0x000000eed8500000)]
  0x00000262ff4d4ae0 JavaThread "Unconstrained build operations Thread 99" [_thread_blocked, id=13796, stack(0x000000eed8500000,0x000000eed8600000)]
  0x00000262ff4d4ff0 JavaThread "Unconstrained build operations Thread 100" [_thread_blocked, id=10160, stack(0x000000eed8600000,0x000000eed8700000)]
  0x00000262ff4d7360 JavaThread "Unconstrained build operations Thread 101" [_thread_blocked, id=23388, stack(0x000000eed8700000,0x000000eed8800000)]
  0x00000262ff4d45d0 JavaThread "Unconstrained build operations Thread 102" [_thread_blocked, id=19520, stack(0x000000eed8800000,0x000000eed8900000)]
  0x00000262ff4d5500 JavaThread "Unconstrained build operations Thread 103" [_thread_blocked, id=16856, stack(0x000000eed8900000,0x000000eed8a00000)]
  0x00000262ff4d5f20 JavaThread "Unconstrained build operations Thread 104" [_thread_blocked, id=20520, stack(0x000000eed8a00000,0x000000eed8b00000)]
  0x00000262ff4d6430 JavaThread "Unconstrained build operations Thread 105" [_thread_blocked, id=25156, stack(0x000000eed8b00000,0x000000eed8c00000)]
  0x00000262ff4d1330 JavaThread "Unconstrained build operations Thread 106" [_thread_blocked, id=21128, stack(0x000000eed8c00000,0x000000eed8d00000)]
  0x00000262ff4d6e50 JavaThread "Unconstrained build operations Thread 107" [_thread_blocked, id=22572, stack(0x000000eed8d00000,0x000000eed8e00000)]
  0x00000262ff4d8290 JavaThread "Unconstrained build operations Thread 108" [_thread_blocked, id=28456, stack(0x000000eed8e00000,0x000000eed8f00000)]
  0x00000262ff4d7d80 JavaThread "Unconstrained build operations Thread 109" [_thread_blocked, id=26512, stack(0x000000eed8f00000,0x000000eed9000000)]
  0x00000262ff4d7870 JavaThread "Unconstrained build operations Thread 110" [_thread_blocked, id=15608, stack(0x000000eed9000000,0x000000eed9100000)]
  0x00000262ff4d5a10 JavaThread "Unconstrained build operations Thread 111" [_thread_blocked, id=23976, stack(0x000000eed9100000,0x000000eed9200000)]
  0x00000262ff4d6940 JavaThread "Unconstrained build operations Thread 112" [_thread_blocked, id=20536, stack(0x000000eed9200000,0x000000eed9300000)]
  0x00000262fcad0b10 JavaThread "Unconstrained build operations Thread 113" [_thread_blocked, id=29344, stack(0x000000eed9300000,0x000000eed9400000)]
  0x00000262fcacecb0 JavaThread "Unconstrained build operations Thread 114" [_thread_blocked, id=4084, stack(0x000000eed9400000,0x000000eed9500000)]
  0x00000262fcad1530 JavaThread "Unconstrained build operations Thread 115" [_thread_blocked, id=12336, stack(0x000000eed9500000,0x000000eed9600000)]
  0x00000262fcacfbe0 JavaThread "Unconstrained build operations Thread 116" [_thread_blocked, id=29016, stack(0x000000eed9600000,0x000000eed9700000)]
  0x00000262fcace290 JavaThread "Unconstrained build operations Thread 117" [_thread_blocked, id=4220, stack(0x000000eed9700000,0x000000eed9800000)]
  0x00000262fcad1a40 JavaThread "WorkerExecutor Queue" [_thread_blocked, id=20728, stack(0x000000eed9800000,0x000000eed9900000)]
  0x00000262fcad1f50 JavaThread "WorkerExecutor Queue Thread 2" [_thread_blocked, id=24744, stack(0x000000eed9900000,0x000000eed9a00000)]
  0x00000262fcad00f0 JavaThread "Unconstrained build operations Thread 118" [_thread_blocked, id=12108, stack(0x000000eed9a00000,0x000000eed9b00000)]
  0x00000262fcacf1c0 JavaThread "Unconstrained build operations Thread 119" [_thread_blocked, id=25096, stack(0x000000eed9b00000,0x000000eed9c00000)]
  0x00000262fcace7a0 JavaThread "Unconstrained build operations Thread 120" [_thread_blocked, id=29376, stack(0x000000eed9c00000,0x000000eed9d00000)]
  0x00000262fcad2460 JavaThread "WorkerExecutor Queue Thread 3" [_thread_blocked, id=23236, stack(0x000000eed9d00000,0x000000eed9e00000)]
  0x00000262c13cb580 JavaThread "WorkerExecutor Queue Thread 4" [_thread_blocked, id=14132, stack(0x000000eed9f00000,0x000000eeda000000)]
  0x00000262c1101640 JavaThread "pool-3-thread-1" [_thread_blocked, id=11616, stack(0x000000eeda000000,0x000000eeda100000)]
  0x00000262c1101b50 JavaThread "stderr" [_thread_in_native, id=28608, stack(0x000000eeda100000,0x000000eeda200000)]
  0x00000262c1102060 JavaThread "stdout" [_thread_in_native, id=29040, stack(0x000000eeda200000,0x000000eeda300000)]
  0x00000262fdf09ae0 JavaThread "WorkerExecutor Queue Thread 5" [_thread_blocked, id=25396, stack(0x000000eeda400000,0x000000eeda500000)]
  0x00000262c1f07c40 JavaThread "RMI Scheduler(0)" daemon [_thread_blocked, id=19120, stack(0x000000eed9e00000,0x000000eed9f00000)]
  0x00000262c11dd4a0 JavaThread "RMI GC Daemon" daemon [_thread_blocked, id=28860, stack(0x000000eeda600000,0x000000eeda700000)]
  0x00000262c11dca80 JavaThread "RMI TCP Accept-0" daemon [_thread_in_native, id=19680, stack(0x000000eeda800000,0x000000eeda900000)]
  0x00000262c1bdb1d0 JavaThread "RMI Reaper" [_thread_blocked, id=7880, stack(0x000000eeda900000,0x000000eedaa00000)]
  0x00000262c1c28360 JavaThread "RMI TCP Connection(2)-127.0.0.1" daemon [_thread_in_native, id=24648, stack(0x000000eedaa00000,0x000000eedab00000)]
  0x00000262c1bdb6e0 JavaThread "Cache worker for Java compile cache (C:\Users\Quvonchbek\.gradle\caches\9.1.0\javaCompile)" [_thread_blocked, id=21752, stack(0x000000eecd800000,0x000000eecd900000)]
  0x00000262c1a46a90 JavaThread "Build operations Thread 2" [_thread_blocked, id=12896, stack(0x000000eecd700000,0x000000eecd800000)]
  0x00000262c1a46fa0 JavaThread "Build operations Thread 3" [_thread_blocked, id=19296, stack(0x000000eeda500000,0x000000eeda600000)]
  0x00000262c1a474b0 JavaThread "Build operations Thread 4" [_thread_blocked, id=28940, stack(0x000000eedac00000,0x000000eedad00000)]
  0x00000262c1a46070 JavaThread "Build operations Thread 5" [_thread_blocked, id=1728, stack(0x000000eedad00000,0x000000eedae00000)]
  0x00000262c1a46580 JavaThread "Build operations Thread 6" [_thread_blocked, id=8036, stack(0x000000eedae00000,0x000000eedaf00000)]
  0x00000262c1cedcb0 JavaThread "Build operations Thread 7" [_thread_blocked, id=27520, stack(0x000000eedaf00000,0x000000eedb000000)]
  0x00000262c1cebe50 JavaThread "Build operations Thread 8" [_thread_blocked, id=22724, stack(0x000000eedb000000,0x000000eedb100000)]
  0x00000262c1cee6d0 JavaThread "Build operations Thread 9" [_thread_blocked, id=28184, stack(0x000000eedb100000,0x000000eedb200000)]
  0x00000262c1ced7a0 JavaThread "Build operations Thread 10" [_thread_blocked, id=25928, stack(0x000000eedb200000,0x000000eedb300000)]
  0x00000262c1cec360 JavaThread "Build operations Thread 11" [_thread_blocked, id=6996, stack(0x000000eedb300000,0x000000eedb400000)]
  0x00000262c1cec870 JavaThread "Build operations Thread 12" [_thread_blocked, id=12932, stack(0x000000eedb400000,0x000000eedb500000)]
  0x00000262fdc47040 JavaThread "C2 CompilerThread1" daemon [_thread_blocked, id=17092, stack(0x000000eecd600000,0x000000eecd700000)]
  0x00000262fddbe100 JavaThread "WorkerExecutor Queue Thread 6" [_thread_blocked, id=19472, stack(0x000000eedb600000,0x000000eedb700000)]
  0x00000262fddbe610 JavaThread "WorkerExecutor Queue Thread 7" [_thread_blocked, id=21728, stack(0x000000eedb700000,0x000000eedb800000)]
  0x00000262fddbb880 JavaThread "WorkerExecutor Queue Thread 8" [_thread_blocked, id=23972, stack(0x000000eedb800000,0x000000eedb900000)]
  0x00000262fddbccc0 JavaThread "WorkerExecutor Queue Thread 9" [_thread_blocked, id=29204, stack(0x000000eedb900000,0x000000eedba00000)]
  0x00000262fddbbd90 JavaThread "WorkerExecutor Queue Thread 10" [_thread_blocked, id=29436, stack(0x000000eedba00000,0x000000eedbb00000)]
  0x00000262fddbd6e0 JavaThread "WorkerExecutor Queue Thread 11" [_thread_blocked, id=19072, stack(0x000000eedbb00000,0x000000eedbc00000)]
  0x00000262fddbd1d0 JavaThread "WorkerExecutor Queue Thread 12" [_thread_blocked, id=27436, stack(0x000000eedbc00000,0x000000eedbd00000)]

Other Threads:
=>0x00000262f619bb30 VMThread "VM Thread" [stack: 0x000000eecdf00000,0x000000eece000000] [id=17120]
  0x00000262d7886f20 WatcherThread [stack: 0x000000eeceb00000,0x000000eecec00000] [id=9052]
  0x00000262d544e840 GCTaskThread "GC Thread#0" [stack: 0x000000eecda00000,0x000000eecdb00000] [id=872]
  0x00000262f6867030 GCTaskThread "GC Thread#1" [stack: 0x000000eeced00000,0x000000eecee00000] [id=25244]
  0x00000262f658b810 GCTaskThread "GC Thread#2" [stack: 0x000000eecee00000,0x000000eecef00000] [id=20420]
  0x00000262f67c68e0 GCTaskThread "GC Thread#3" [stack: 0x000000eecef00000,0x000000eecf000000] [id=17908]
  0x00000262f67c5da0 GCTaskThread "GC Thread#4" [stack: 0x000000eecf000000,0x000000eecf100000] [id=12696]
  0x00000262f67c7150 GCTaskThread "GC Thread#5" [stack: 0x000000eecfd00000,0x000000eecfe00000] [id=11644]
  0x00000262f67c6070 GCTaskThread "GC Thread#6" [stack: 0x000000eecfe00000,0x000000eecff00000] [id=27204]
  0x00000262f67c5530 GCTaskThread "GC Thread#7" [stack: 0x000000eecff00000,0x000000eed0000000] [id=27712]
  0x00000262fc381330 GCTaskThread "GC Thread#8" [stack: 0x000000eed0000000,0x000000eed0100000] [id=9384]
  0x00000262fc380520 GCTaskThread "GC Thread#9" [stack: 0x000000eed0100000,0x000000eed0200000] [id=28752]
  0x00000262d78f1210 ConcurrentGCThread "G1 Main Marker" [stack: 0x000000eecdb00000,0x000000eecdc00000] [id=20356]
  0x00000262d78f2810 ConcurrentGCThread "G1 Conc#0" [stack: 0x000000eecdc00000,0x000000eecdd00000] [id=24900]
  0x00000262fc3818d0 ConcurrentGCThread "G1 Conc#1" [stack: 0x000000eed0200000,0x000000eed0300000] [id=28240]
  0x00000262fc3829b0 ConcurrentGCThread "G1 Conc#2" [stack: 0x000000eed0300000,0x000000eed0400000] [id=29468]
  0x00000262d792de80 ConcurrentGCThread "G1 Refine#0" [stack: 0x000000eecdd00000,0x000000eecde00000] [id=24184]
  0x00000262fd79b8a0 ConcurrentGCThread "G1 Refine#1" [stack: 0x000000eed0c00000,0x000000eed0d00000] [id=23444]
  0x00000262fd7991a0 ConcurrentGCThread "G1 Refine#2" [stack: 0x000000eed0d00000,0x000000eed0e00000] [id=29188]
  0x00000262fd79c4a0 ConcurrentGCThread "G1 Refine#3" [stack: 0x000000eed0e00000,0x000000eed0f00000] [id=12928]
  0x00000262fd7994a0 ConcurrentGCThread "G1 Refine#4" [stack: 0x000000eed0f00000,0x000000eed1000000] [id=6328]
  0x00000262fb037eb0 ConcurrentGCThread "G1 Refine#5" [stack: 0x000000eedb500000,0x000000eedb600000] [id=22364]
  0x00000262d792ea70 ConcurrentGCThread "G1 Service" [stack: 0x000000eecde00000,0x000000eecdf00000] [id=26032]

Threads with active compile tasks:
C2 CompilerThread0  83466 21801 %     4       com.android.tools.r8.internal.nB::a @ 1021 (3928 bytes)
C1 CompilerThread0  83466 24258       2       org.gradle.api.internal.provider.ManagedFactories$PropertyManagedFactory::fromState (55 bytes)
C2 CompilerThread1  83466 21624 %     4       com.android.tools.r8.internal.US::a @ 1059 (3042 bytes)

VM state: at safepoint (normal execution)

VM Mutex/Monitor currently owned by a thread:  ([mutex/lock_event])
[0x00000262d53c3170] Threads_lock - owner thread: 0x00000262f619bb30
[0x00000262d7882d00] Heap_lock - owner thread: 0x00000262fddbe610

Heap address: 0x0000000080000000, size: 2048 MB, Compressed Oops mode: 32-bit

CDS archive(s) mapped at: [0x0000026280000000-0x0000026280bb0000-0x0000026280bb0000), size 12255232, SharedBaseAddress: 0x0000026280000000, ArchiveRelocationMode: 1.
Compressed class space mapped at: 0x0000026281000000-0x00000262c1000000, reserved size: 1073741824
Narrow klass base: 0x0000026280000000, Narrow klass shift: 0, Narrow klass range: 0x100000000

GC Precious Log:
 CPUs: 12 total, 12 available
 Memory: 7863M
 Large Page Support: Disabled
 NUMA Support: Disabled
 Compressed Oops: Enabled (32-bit)
 Heap Region Size: 1M
 Heap Min Capacity: 8M
 Heap Initial Capacity: 124M
 Heap Max Capacity: 2G
 Pre-touch: Disabled
 Parallel Workers: 10
 Concurrent Workers: 3
 Concurrent Refinement Workers: 10
 Periodic GC: Disabled

Heap:
 garbage-first heap   total 295936K, used 160640K [0x0000000080000000, 0x0000000100000000)
  region size 1024K, 9 young (9216K), 9 survivors (9216K)
 Metaspace       used 131565K, committed 132800K, reserved 1179648K
  class space    used 18147K, committed 18752K, reserved 1048576K

Heap Regions: E=young(eden), S=young(survivor), O=old, HS=humongous(starts), HC=humongous(continues), CS=collection set, F=free, OA=open archive, CA=closed archive, TAMS=top-at-mark-start (previous, next)
|   0|0x0000000080000000, 0x0000000080100000, 0x0000000080100000|100%|HS|  |TAMS 0x0000000080100000, 0x0000000080000000| Complete 
|   1|0x0000000080100000, 0x0000000080200000, 0x0000000080200000|100%|HC|  |TAMS 0x0000000080200000, 0x0000000080100000| Complete 
|   2|0x0000000080200000, 0x0000000080300000, 0x0000000080300000|100%|HC|  |TAMS 0x0000000080300000, 0x0000000080200000| Complete 
|   3|0x0000000080300000, 0x0000000080400000, 0x0000000080400000|100%| O|  |TAMS 0x0000000080400000, 0x0000000080300000| Untracked 
|   4|0x0000000080400000, 0x0000000080500000, 0x0000000080500000|100%| O|  |TAMS 0x0000000080500000, 0x0000000080400000| Untracked 
|   5|0x0000000080500000, 0x0000000080600000, 0x0000000080600000|100%| O|  |TAMS 0x0000000080600000, 0x0000000080500000| Untracked 
|   6|0x0000000080600000, 0x0000000080700000, 0x0000000080700000|100%|HS|  |TAMS 0x0000000080700000, 0x0000000080600000| Complete 
|   7|0x0000000080700000, 0x0000000080800000, 0x0000000080800000|100%|HS|  |TAMS 0x0000000080800000, 0x0000000080700000| Complete 
|   8|0x0000000080800000, 0x0000000080900000, 0x0000000080900000|100%| O|  |TAMS 0x0000000080900000, 0x0000000080800000| Untracked 
|   9|0x0000000080900000, 0x0000000080a00000, 0x0000000080a00000|100%| O|  |TAMS 0x0000000080a00000, 0x0000000080900000| Untracked 
|  10|0x0000000080a00000, 0x0000000080b00000, 0x0000000080b00000|100%| O|  |TAMS 0x0000000080b00000, 0x0000000080a00000| Untracked 
|  11|0x0000000080b00000, 0x0000000080c00000, 0x0000000080c00000|100%| O|  |TAMS 0x0000000080c00000, 0x0000000080b00000| Untracked 
|  12|0x0000000080c00000, 0x0000000080d00000, 0x0000000080d00000|100%| O|  |TAMS 0x0000000080d00000, 0x0000000080c00000| Untracked 
|  13|0x0000000080d00000, 0x0000000080e00000, 0x0000000080e00000|100%|HS|  |TAMS 0x0000000080e00000, 0x0000000080d00000| Complete 
|  14|0x0000000080e00000, 0x0000000080f00000, 0x0000000080f00000|100%| O|  |TAMS 0x0000000080f00000, 0x0000000080e00000| Untracked 
|  15|0x0000000080f00000, 0x0000000081000000, 0x0000000081000000|100%| O|  |TAMS 0x0000000081000000, 0x0000000080f00000| Untracked 
|  16|0x0000000081000000, 0x0000000081100000, 0x0000000081100000|100%| O|  |TAMS 0x0000000081100000, 0x0000000081000000| Untracked 
|  17|0x0000000081100000, 0x0000000081200000, 0x0000000081200000|100%| O|  |TAMS 0x0000000081200000, 0x0000000081100000| Untracked 
|  18|0x0000000081200000, 0x0000000081300000, 0x0000000081300000|100%| O|  |TAMS 0x0000000081300000, 0x0000000081200000| Untracked 
|  19|0x0000000081300000, 0x0000000081400000, 0x0000000081400000|100%| O|  |TAMS 0x0000000081400000, 0x0000000081300000| Untracked 
|  20|0x0000000081400000, 0x0000000081500000, 0x0000000081500000|100%| O|  |TAMS 0x0000000081500000, 0x0000000081400000| Untracked 
|  21|0x0000000081500000, 0x0000000081600000, 0x0000000081600000|100%| O|  |TAMS 0x0000000081600000, 0x0000000081500000| Untracked 
|  22|0x0000000081600000, 0x0000000081700000, 0x0000000081700000|100%| O|  |TAMS 0x0000000081700000, 0x0000000081600000| Untracked 
|  23|0x0000000081700000, 0x0000000081800000, 0x0000000081800000|100%|HS|  |TAMS 0x0000000081800000, 0x0000000081700000| Complete 
|  24|0x0000000081800000, 0x0000000081900000, 0x0000000081900000|100%|HS|  |TAMS 0x0000000081900000, 0x0000000081800000| Complete 
|  25|0x0000000081900000, 0x0000000081a00000, 0x0000000081a00000|100%|HC|  |TAMS 0x0000000081a00000, 0x0000000081900000| Complete 
|  26|0x0000000081a00000, 0x0000000081b00000, 0x0000000081b00000|100%|HS|  |TAMS 0x0000000081b00000, 0x0000000081a00000| Complete 
|  27|0x0000000081b00000, 0x0000000081c00000, 0x0000000081c00000|100%|HS|  |TAMS 0x0000000081c00000, 0x0000000081b00000| Complete 
|  28|0x0000000081c00000, 0x0000000081d00000, 0x0000000081d00000|100%|HC|  |TAMS 0x0000000081d00000, 0x0000000081c00000| Complete 
|  29|0x0000000081d00000, 0x0000000081e00000, 0x0000000081e00000|100%| O|  |TAMS 0x0000000081e00000, 0x0000000081d00000| Untracked 
|  30|0x0000000081e00000, 0x0000000081f00000, 0x0000000081f00000|100%| O|  |TAMS 0x0000000081f00000, 0x0000000081e00000| Untracked 
|  31|0x0000000081f00000, 0x0000000082000000, 0x0000000082000000|100%| O|  |TAMS 0x0000000082000000, 0x0000000081f00000| Untracked 
|  32|0x0000000082000000, 0x0000000082100000, 0x0000000082100000|100%| O|  |TAMS 0x0000000082100000, 0x0000000082000000| Untracked 
|  33|0x0000000082100000, 0x0000000082200000, 0x0000000082200000|100%| O|  |TAMS 0x0000000082200000, 0x0000000082100000| Untracked 
|  34|0x0000000082200000, 0x0000000082300000, 0x0000000082300000|100%| O|  |TAMS 0x0000000082300000, 0x0000000082200000| Untracked 
|  35|0x0000000082300000, 0x0000000082400000, 0x0000000082400000|100%| O|  |TAMS 0x0000000082400000, 0x0000000082300000| Untracked 
|  36|0x0000000082400000, 0x0000000082500000, 0x0000000082500000|100%| O|  |TAMS 0x0000000082500000, 0x0000000082400000| Untracked 
|  37|0x0000000082500000, 0x0000000082600000, 0x0000000082600000|100%| O|  |TAMS 0x0000000082600000, 0x0000000082500000| Untracked 
|  38|0x0000000082600000, 0x0000000082700000, 0x0000000082700000|100%| O|  |TAMS 0x0000000082700000, 0x0000000082600000| Untracked 
|  39|0x0000000082700000, 0x0000000082800000, 0x0000000082800000|100%| O|  |TAMS 0x0000000082800000, 0x0000000082700000| Untracked 
|  40|0x0000000082800000, 0x0000000082900000, 0x0000000082900000|100%| O|  |TAMS 0x0000000082900000, 0x0000000082800000| Untracked 
|  41|0x0000000082900000, 0x0000000082a00000, 0x0000000082a00000|100%|HS|  |TAMS 0x0000000082a00000, 0x0000000082900000| Complete 
|  42|0x0000000082a00000, 0x0000000082b00000, 0x0000000082b00000|100%| O|  |TAMS 0x0000000082b00000, 0x0000000082a00000| Untracked 
|  43|0x0000000082b00000, 0x0000000082c00000, 0x0000000082c00000|100%|HS|  |TAMS 0x0000000082c00000, 0x0000000082b00000| Complete 
|  44|0x0000000082c00000, 0x0000000082d00000, 0x0000000082d00000|100%| O|  |TAMS 0x0000000082d00000, 0x0000000082c00000| Untracked 
|  45|0x0000000082d00000, 0x0000000082e00000, 0x0000000082e00000|100%| O|  |TAMS 0x0000000082e00000, 0x0000000082d00000| Untracked 
|  46|0x0000000082e00000, 0x0000000082f00000, 0x0000000082f00000|100%| O|  |TAMS 0x0000000082f00000, 0x0000000082e00000| Untracked 
|  47|0x0000000082f00000, 0x0000000083000000, 0x0000000083000000|100%| O|  |TAMS 0x0000000083000000, 0x0000000082f00000| Untracked 
|  48|0x0000000083000000, 0x0000000083100000, 0x0000000083100000|100%| O|  |TAMS 0x0000000083100000, 0x0000000083000000| Untracked 
|  49|0x0000000083100000, 0x0000000083200000, 0x0000000083200000|100%| O|  |TAMS 0x0000000083200000, 0x0000000083100000| Untracked 
|  50|0x0000000083200000, 0x0000000083300000, 0x0000000083300000|100%| O|  |TAMS 0x0000000083300000, 0x0000000083200000| Untracked 
|  51|0x0000000083300000, 0x0000000083400000, 0x0000000083400000|100%| O|  |TAMS 0x0000000083400000, 0x0000000083300000| Untracked 
|  52|0x0000000083400000, 0x0000000083500000, 0x0000000083500000|100%| O|  |TAMS 0x0000000083500000, 0x0000000083400000| Untracked 
|  53|0x0000000083500000, 0x0000000083600000, 0x0000000083600000|100%| O|  |TAMS 0x0000000083600000, 0x0000000083500000| Untracked 
|  54|0x0000000083600000, 0x0000000083700000, 0x0000000083700000|100%| O|  |TAMS 0x0000000083700000, 0x0000000083600000| Untracked 
|  55|0x0000000083700000, 0x0000000083800000, 0x0000000083800000|100%| O|  |TAMS 0x0000000083800000, 0x0000000083700000| Untracked 
|  56|0x0000000083800000, 0x0000000083900000, 0x0000000083900000|100%| O|  |TAMS 0x0000000083900000, 0x0000000083800000| Untracked 
|  57|0x0000000083900000, 0x0000000083a00000, 0x0000000083a00000|100%| O|  |TAMS 0x0000000083a00000, 0x0000000083900000| Untracked 
|  58|0x0000000083a00000, 0x0000000083b00000, 0x0000000083b00000|100%| O|  |TAMS 0x0000000083b00000, 0x0000000083a00000| Untracked 
|  59|0x0000000083b00000, 0x0000000083c00000, 0x0000000083c00000|100%| O|  |TAMS 0x0000000083c00000, 0x0000000083b00000| Untracked 
|  60|0x0000000083c00000, 0x0000000083d00000, 0x0000000083d00000|100%| O|  |TAMS 0x0000000083d00000, 0x0000000083c00000| Untracked 
|  61|0x0000000083d00000, 0x0000000083e00000, 0x0000000083e00000|100%| O|  |TAMS 0x0000000083e00000, 0x0000000083d00000| Untracked 
|  62|0x0000000083e00000, 0x0000000083f00000, 0x0000000083f00000|100%| O|  |TAMS 0x0000000083f00000, 0x0000000083e00000| Untracked 
|  63|0x0000000083f00000, 0x0000000084000000, 0x0000000084000000|100%| O|  |TAMS 0x0000000084000000, 0x0000000083f00000| Untracked 
|  64|0x0000000084000000, 0x0000000084100000, 0x0000000084100000|100%| O|  |TAMS 0x0000000084100000, 0x0000000084000000| Untracked 
|  65|0x0000000084100000, 0x0000000084200000, 0x0000000084200000|100%| O|  |TAMS 0x0000000084200000, 0x0000000084100000| Untracked 
|  66|0x0000000084200000, 0x0000000084300000, 0x0000000084300000|100%| O|  |TAMS 0x0000000084300000, 0x0000000084200000| Untracked 
|  67|0x0000000084300000, 0x0000000084400000, 0x0000000084400000|100%| O|  |TAMS 0x0000000084300000, 0x0000000084300000| Untracked 
|  68|0x0000000084400000, 0x0000000084500000, 0x0000000084500000|100%| O|  |TAMS 0x0000000084400000, 0x0000000084400000| Untracked 
|  69|0x0000000084500000, 0x0000000084600000, 0x0000000084600000|100%| O|  |TAMS 0x0000000084600000, 0x0000000084500000| Untracked 
|  70|0x0000000084600000, 0x0000000084700000, 0x0000000084700000|100%| O|  |TAMS 0x0000000084700000, 0x0000000084600000| Untracked 
|  71|0x0000000084700000, 0x0000000084800000, 0x0000000084800000|100%| O|  |TAMS 0x0000000084700000, 0x0000000084700000| Untracked 
|  72|0x0000000084800000, 0x0000000084900000, 0x0000000084900000|100%| O|  |TAMS 0x0000000084800000, 0x0000000084800000| Untracked 
|  73|0x0000000084900000, 0x0000000084a00000, 0x0000000084a00000|100%| O|  |TAMS 0x0000000084900000, 0x0000000084900000| Untracked 
|  74|0x0000000084a00000, 0x0000000084b00000, 0x0000000084b00000|100%| O|  |TAMS 0x0000000084b00000, 0x0000000084a00000| Untracked 
|  75|0x0000000084b00000, 0x0000000084c00000, 0x0000000084c00000|100%| O|  |TAMS 0x0000000084c00000, 0x0000000084b00000| Untracked 
|  76|0x0000000084c00000, 0x0000000084d00000, 0x0000000084d00000|100%| O|  |TAMS 0x0000000084c00000, 0x0000000084c00000| Untracked 
|  77|0x0000000084d00000, 0x0000000084e00000, 0x0000000084e00000|100%| O|  |TAMS 0x0000000084d00000, 0x0000000084d00000| Untracked 
|  78|0x0000000084e00000, 0x0000000084f00000, 0x0000000084f00000|100%| O|  |TAMS 0x0000000084f00000, 0x0000000084e00000| Untracked 
|  79|0x0000000084f00000, 0x0000000085000000, 0x0000000085000000|100%| O|  |TAMS 0x0000000084f00000, 0x0000000084f00000| Untracked 
|  80|0x0000000085000000, 0x0000000085100000, 0x0000000085100000|100%| O|  |TAMS 0x0000000085100000, 0x0000000085000000| Untracked 
|  81|0x0000000085100000, 0x0000000085200000, 0x0000000085200000|100%| O|  |TAMS 0x0000000085200000, 0x0000000085100000| Untracked 
|  82|0x0000000085200000, 0x0000000085300000, 0x0000000085300000|100%| O|  |TAMS 0x0000000085200000, 0x0000000085200000| Untracked 
|  83|0x0000000085300000, 0x0000000085400000, 0x0000000085400000|100%| O|  |TAMS 0x0000000085300000, 0x0000000085300000| Untracked 
|  84|0x0000000085400000, 0x0000000085500000, 0x0000000085500000|100%| O|  |TAMS 0x0000000085400000, 0x0000000085400000| Untracked 
|  85|0x0000000085500000, 0x0000000085600000, 0x0000000085600000|100%| O|  |TAMS 0x0000000085500000, 0x0000000085500000| Untracked 
|  86|0x0000000085600000, 0x0000000085700000, 0x0000000085700000|100%| O|  |TAMS 0x0000000085600000, 0x0000000085600000| Untracked 
|  87|0x0000000085700000, 0x0000000085800000, 0x0000000085800000|100%| O|  |TAMS 0x0000000085800000, 0x0000000085700000| Untracked 
|  88|0x0000000085800000, 0x0000000085900000, 0x0000000085900000|100%| O|  |TAMS 0x0000000085900000, 0x0000000085800000| Untracked 
|  89|0x0000000085900000, 0x0000000085a00000, 0x0000000085a00000|100%| O|  |TAMS 0x0000000085a00000, 0x0000000085900000| Untracked 
|  90|0x0000000085a00000, 0x0000000085b00000, 0x0000000085b00000|100%| O|  |TAMS 0x0000000085b00000, 0x0000000085a00000| Untracked 
|  91|0x0000000085b00000, 0x0000000085c00000, 0x0000000085c00000|100%| O|  |TAMS 0x0000000085c00000, 0x0000000085b00000| Untracked 
|  92|0x0000000085c00000, 0x0000000085d00000, 0x0000000085d00000|100%| O|  |TAMS 0x0000000085d00000, 0x0000000085c00000| Untracked 
|  93|0x0000000085d00000, 0x0000000085e00000, 0x0000000085e00000|100%| O|  |TAMS 0x0000000085e00000, 0x0000000085d00000| Untracked 
|  94|0x0000000085e00000, 0x0000000085f00000, 0x0000000085f00000|100%| O|  |TAMS 0x0000000085f00000, 0x0000000085e00000| Untracked 
|  95|0x0000000085f00000, 0x0000000086000000, 0x0000000086000000|100%| O|  |TAMS 0x0000000086000000, 0x0000000085f00000| Untracked 
|  96|0x0000000086000000, 0x0000000086100000, 0x0000000086100000|100%| O|  |TAMS 0x0000000086100000, 0x0000000086000000| Untracked 
|  97|0x0000000086100000, 0x0000000086200000, 0x0000000086200000|100%| O|  |TAMS 0x0000000086200000, 0x0000000086100000| Untracked 
|  98|0x0000000086200000, 0x0000000086300000, 0x0000000086300000|100%| O|  |TAMS 0x0000000086200000, 0x0000000086200000| Untracked 
|  99|0x0000000086300000, 0x0000000086400000, 0x0000000086400000|100%| O|  |TAMS 0x0000000086400000, 0x0000000086300000| Untracked 
| 100|0x0000000086400000, 0x0000000086500000, 0x0000000086500000|100%| O|  |TAMS 0x0000000086400000, 0x0000000086400000| Untracked 
| 101|0x0000000086500000, 0x0000000086600000, 0x0000000086600000|100%| O|  |TAMS 0x0000000086500000, 0x0000000086500000| Untracked 
| 102|0x0000000086600000, 0x0000000086700000, 0x0000000086700000|100%| O|  |TAMS 0x0000000086600000, 0x0000000086600000| Untracked 
| 103|0x0000000086700000, 0x00000000867fb200, 0x0000000086800000| 98%| O|  |TAMS 0x0000000086700000, 0x0000000086700000| Untracked 
| 104|0x0000000086800000, 0x0000000086900000, 0x0000000086900000|100%| O|  |TAMS 0x0000000086800000, 0x0000000086800000| Untracked 
| 105|0x0000000086900000, 0x0000000086a00000, 0x0000000086a00000|100%| O|  |TAMS 0x0000000086900000, 0x0000000086900000| Untracked 
| 106|0x0000000086a00000, 0x0000000086b00000, 0x0000000086b00000|100%| O|  |TAMS 0x0000000086a00000, 0x0000000086a00000| Untracked 
| 107|0x0000000086b00000, 0x0000000086c00000, 0x0000000086c00000|100%| O|  |TAMS 0x0000000086b00000, 0x0000000086b00000| Untracked 
| 108|0x0000000086c00000, 0x0000000086c00000, 0x0000000086d00000|  0%| F|  |TAMS 0x0000000086c00000, 0x0000000086c00000| Untracked 
| 109|0x0000000086d00000, 0x0000000086e00000, 0x0000000086e00000|100%| O|  |TAMS 0x0000000086e00000, 0x0000000086d00000| Untracked 
| 110|0x0000000086e00000, 0x0000000086f00000, 0x0000000086f00000|100%| O|  |TAMS 0x0000000086f00000, 0x0000000086e00000| Untracked 
| 111|0x0000000086f00000, 0x0000000087000000, 0x0000000087000000|100%|HS|  |TAMS 0x0000000087000000, 0x0000000086f00000| Complete 
| 112|0x0000000087000000, 0x0000000087100000, 0x0000000087100000|100%|HC|  |TAMS 0x0000000087100000, 0x0000000087000000| Complete 
| 113|0x0000000087100000, 0x0000000087200000, 0x0000000087200000|100%|HC|  |TAMS 0x0000000087200000, 0x0000000087100000| Complete 
| 114|0x0000000087200000, 0x0000000087300000, 0x0000000087300000|100%|HC|  |TAMS 0x0000000087300000, 0x0000000087200000| Complete 
| 115|0x0000000087300000, 0x0000000087400000, 0x0000000087400000|100%| O|  |TAMS 0x0000000087400000, 0x0000000087300000| Untracked 
| 116|0x0000000087400000, 0x0000000087500000, 0x0000000087500000|100%| O|  |TAMS 0x0000000087500000, 0x0000000087400000| Untracked 
| 117|0x0000000087500000, 0x0000000087600000, 0x0000000087600000|100%| O|  |TAMS 0x0000000087600000, 0x0000000087500000| Untracked 
| 118|0x0000000087600000, 0x0000000087700000, 0x0000000087700000|100%| O|  |TAMS 0x0000000087700000, 0x0000000087600000| Untracked 
| 119|0x0000000087700000, 0x0000000087800000, 0x0000000087800000|100%| O|  |TAMS 0x0000000087700000, 0x0000000087700000| Untracked 
| 120|0x0000000087800000, 0x0000000087900000, 0x0000000087900000|100%| O|  |TAMS 0x0000000087800000, 0x0000000087800000| Untracked 
| 121|0x0000000087900000, 0x0000000087a00000, 0x0000000087a00000|100%| O|  |TAMS 0x0000000087a00000, 0x0000000087900000| Untracked 
| 122|0x0000000087a00000, 0x0000000087b00000, 0x0000000087b00000|100%| O|  |TAMS 0x0000000087b00000, 0x0000000087a00000| Untracked 
| 123|0x0000000087b00000, 0x0000000087c00000, 0x0000000087c00000|100%| O|  |TAMS 0x0000000087c00000, 0x0000000087b00000| Untracked 
| 124|0x0000000087c00000, 0x0000000087d00000, 0x0000000087d00000|100%| O|  |TAMS 0x0000000087d00000, 0x0000000087c00000| Untracked 
| 125|0x0000000087d00000, 0x0000000087e00000, 0x0000000087e00000|100%| O|  |TAMS 0x0000000087e00000, 0x0000000087d00000| Untracked 
| 126|0x0000000087e00000, 0x0000000087f00000, 0x0000000087f00000|100%| O|  |TAMS 0x0000000087f00000, 0x0000000087e00000| Untracked 
| 127|0x0000000087f00000, 0x0000000088000000, 0x0000000088000000|100%| O|  |TAMS 0x0000000088000000, 0x0000000087f00000| Untracked 
| 128|0x0000000088000000, 0x0000000088100000, 0x0000000088100000|100%| O|  |TAMS 0x0000000088100000, 0x0000000088000000| Untracked 
| 129|0x0000000088100000, 0x0000000088200000, 0x0000000088200000|100%| O|  |TAMS 0x0000000088200000, 0x0000000088100000| Untracked 
| 130|0x0000000088200000, 0x0000000088300000, 0x0000000088300000|100%| O|  |TAMS 0x0000000088300000, 0x0000000088200000| Untracked 
| 131|0x0000000088300000, 0x0000000088400000, 0x0000000088400000|100%| O|  |TAMS 0x0000000088400000, 0x0000000088300000| Untracked 
| 132|0x0000000088400000, 0x0000000088500000, 0x0000000088500000|100%| O|  |TAMS 0x0000000088500000, 0x0000000088400000| Untracked 
| 133|0x0000000088500000, 0x0000000088600000, 0x0000000088600000|100%| O|  |TAMS 0x0000000088600000, 0x0000000088500000| Untracked 
| 134|0x0000000088600000, 0x0000000088700000, 0x0000000088700000|100%| O|  |TAMS 0x0000000088700000, 0x0000000088600000| Untracked 
| 135|0x0000000088700000, 0x0000000088800000, 0x0000000088800000|100%| O|  |TAMS 0x0000000088800000, 0x0000000088700000| Untracked 
| 136|0x0000000088800000, 0x0000000088900000, 0x0000000088900000|100%| O|  |TAMS 0x0000000088900000, 0x0000000088800000| Untracked 
| 137|0x0000000088900000, 0x0000000088a00000, 0x0000000088a00000|100%| O|  |TAMS 0x0000000088a00000, 0x0000000088900000| Untracked 
| 138|0x0000000088a00000, 0x0000000088b00000, 0x0000000088b00000|100%| O|  |TAMS 0x0000000088b00000, 0x0000000088a00000| Untracked 
| 139|0x0000000088b00000, 0x0000000088c00000, 0x0000000088c00000|100%| O|  |TAMS 0x0000000088c00000, 0x0000000088b00000| Untracked 
| 140|0x0000000088c00000, 0x0000000088d00000, 0x0000000088d00000|100%| O|  |TAMS 0x0000000088d00000, 0x0000000088c00000| Untracked 
| 141|0x0000000088d00000, 0x0000000088e00000, 0x0000000088e00000|100%| O|  |TAMS 0x0000000088e00000, 0x0000000088d00000| Untracked 
| 142|0x0000000088e00000, 0x0000000088e00000, 0x0000000088f00000|  0%| F|  |TAMS 0x0000000088e00000, 0x0000000088e00000| Untracked 
| 143|0x0000000088f00000, 0x0000000089000000, 0x0000000089000000|100%| O|  |TAMS 0x0000000088f3b600, 0x0000000088f00000| Untracked 
| 144|0x0000000089000000, 0x0000000089100000, 0x0000000089100000|100%| O|  |TAMS 0x0000000089000000, 0x0000000089000000| Untracked 
| 145|0x0000000089100000, 0x0000000089200000, 0x0000000089200000|100%| O|  |TAMS 0x0000000089100000, 0x0000000089100000| Untracked 
| 146|0x0000000089200000, 0x0000000089300000, 0x0000000089300000|100%| O|  |TAMS 0x0000000089200000, 0x0000000089200000| Untracked 
| 147|0x0000000089300000, 0x0000000089400000, 0x0000000089400000|100%| O|  |TAMS 0x0000000089300000, 0x0000000089300000| Untracked 
| 148|0x0000000089400000, 0x0000000089500000, 0x0000000089500000|100%| O|  |TAMS 0x0000000089400000, 0x0000000089400000| Untracked 
| 149|0x0000000089500000, 0x0000000089600000, 0x0000000089600000|100%| O|  |TAMS 0x0000000089500000, 0x0000000089500000| Untracked 
| 150|0x0000000089600000, 0x0000000089600000, 0x0000000089700000|  0%| F|  |TAMS 0x0000000089600000, 0x0000000089600000| Untracked 
| 151|0x0000000089700000, 0x0000000089700000, 0x0000000089800000|  0%| F|  |TAMS 0x0000000089700000, 0x0000000089700000| Untracked 
| 152|0x0000000089800000, 0x0000000089800000, 0x0000000089900000|  0%| F|  |TAMS 0x0000000089800000, 0x0000000089800000| Untracked 
| 153|0x0000000089900000, 0x0000000089900000, 0x0000000089a00000|  0%| F|  |TAMS 0x0000000089900000, 0x0000000089900000| Untracked 
| 154|0x0000000089a00000, 0x0000000089a00000, 0x0000000089b00000|  0%| F|  |TAMS 0x0000000089a00000, 0x0000000089a00000| Untracked 
| 155|0x0000000089b00000, 0x0000000089b00000, 0x0000000089c00000|  0%| F|  |TAMS 0x0000000089b00000, 0x0000000089b00000| Untracked 
| 156|0x0000000089c00000, 0x0000000089c00000, 0x0000000089d00000|  0%| F|  |TAMS 0x0000000089c00000, 0x0000000089c00000| Untracked 
| 157|0x0000000089d00000, 0x0000000089d00000, 0x0000000089e00000|  0%| F|  |TAMS 0x0000000089d00000, 0x0000000089d00000| Untracked 
| 158|0x0000000089e00000, 0x0000000089e00000, 0x0000000089f00000|  0%| F|  |TAMS 0x0000000089e00000, 0x0000000089e00000| Untracked 
| 159|0x0000000089f00000, 0x0000000089f00000, 0x000000008a000000|  0%| F|  |TAMS 0x0000000089f00000, 0x0000000089f00000| Untracked 
| 160|0x000000008a000000, 0x000000008a000000, 0x000000008a100000|  0%| F|  |TAMS 0x000000008a000000, 0x000000008a000000| Untracked 
| 161|0x000000008a100000, 0x000000008a100000, 0x000000008a200000|  0%| F|  |TAMS 0x000000008a100000, 0x000000008a100000| Untracked 
| 162|0x000000008a200000, 0x000000008a200000, 0x000000008a300000|  0%| F|  |TAMS 0x000000008a200000, 0x000000008a200000| Untracked 
| 163|0x000000008a300000, 0x000000008a300000, 0x000000008a400000|  0%| F|  |TAMS 0x000000008a300000, 0x000000008a300000| Untracked 
| 164|0x000000008a400000, 0x000000008a400000, 0x000000008a500000|  0%| F|  |TAMS 0x000000008a400000, 0x000000008a400000| Untracked 
| 165|0x000000008a500000, 0x000000008a500000, 0x000000008a600000|  0%| F|  |TAMS 0x000000008a500000, 0x000000008a500000| Untracked 
| 166|0x000000008a600000, 0x000000008a600000, 0x000000008a700000|  0%| F|  |TAMS 0x000000008a600000, 0x000000008a600000| Untracked 
| 167|0x000000008a700000, 0x000000008a700000, 0x000000008a800000|  0%| F|  |TAMS 0x000000008a700000, 0x000000008a700000| Untracked 
| 168|0x000000008a800000, 0x000000008a800000, 0x000000008a900000|  0%| F|  |TAMS 0x000000008a800000, 0x000000008a800000| Untracked 
| 169|0x000000008a900000, 0x000000008a900000, 0x000000008aa00000|  0%| F|  |TAMS 0x000000008a900000, 0x000000008a900000| Untracked 
| 170|0x000000008aa00000, 0x000000008aa00000, 0x000000008ab00000|  0%| F|  |TAMS 0x000000008aa00000, 0x000000008aa00000| Untracked 
| 171|0x000000008ab00000, 0x000000008ab00000, 0x000000008ac00000|  0%| F|  |TAMS 0x000000008ab00000, 0x000000008ab00000| Untracked 
| 172|0x000000008ac00000, 0x000000008ac00000, 0x000000008ad00000|  0%| F|  |TAMS 0x000000008ac00000, 0x000000008ac00000| Untracked 
| 173|0x000000008ad00000, 0x000000008ad00000, 0x000000008ae00000|  0%| F|  |TAMS 0x000000008ad00000, 0x000000008ad00000| Untracked 
| 174|0x000000008ae00000, 0x000000008ae00000, 0x000000008af00000|  0%| F|  |TAMS 0x000000008ae00000, 0x000000008ae00000| Untracked 
| 175|0x000000008af00000, 0x000000008af00000, 0x000000008b000000|  0%| F|  |TAMS 0x000000008af00000, 0x000000008af00000| Untracked 
| 176|0x000000008b000000, 0x000000008b000000, 0x000000008b100000|  0%| F|  |TAMS 0x000000008b000000, 0x000000008b000000| Untracked 
| 177|0x000000008b100000, 0x000000008b100000, 0x000000008b200000|  0%| F|  |TAMS 0x000000008b100000, 0x000000008b100000| Untracked 
| 178|0x000000008b200000, 0x000000008b200000, 0x000000008b300000|  0%| F|  |TAMS 0x000000008b200000, 0x000000008b200000| Untracked 
| 179|0x000000008b300000, 0x000000008b300000, 0x000000008b400000|  0%| F|  |TAMS 0x000000008b300000, 0x000000008b300000| Untracked 
| 180|0x000000008b400000, 0x000000008b4e5178, 0x000000008b500000| 89%| S|CS|TAMS 0x000000008b400000, 0x000000008b400000| Complete 
| 181|0x000000008b500000, 0x000000008b600000, 0x000000008b600000|100%| S|CS|TAMS 0x000000008b500000, 0x000000008b500000| Complete 
| 182|0x000000008b600000, 0x000000008b700000, 0x000000008b700000|100%| S|CS|TAMS 0x000000008b600000, 0x000000008b600000| Complete 
| 183|0x000000008b700000, 0x000000008b700000, 0x000000008b800000|  0%| F|  |TAMS 0x000000008b700000, 0x000000008b700000| Untracked 
| 184|0x000000008b800000, 0x000000008b800000, 0x000000008b900000|  0%| F|  |TAMS 0x000000008b800000, 0x000000008b800000| Untracked 
| 185|0x000000008b900000, 0x000000008b900000, 0x000000008ba00000|  0%| F|  |TAMS 0x000000008b900000, 0x000000008b900000| Untracked 
| 186|0x000000008ba00000, 0x000000008ba00000, 0x000000008bb00000|  0%| F|  |TAMS 0x000000008ba00000, 0x000000008ba00000| Untracked 
| 187|0x000000008bb00000, 0x000000008bc00000, 0x000000008bc00000|100%| S|CS|TAMS 0x000000008bb00000, 0x000000008bb00000| Complete 
| 188|0x000000008bc00000, 0x000000008bd00000, 0x000000008bd00000|100%| S|CS|TAMS 0x000000008bc00000, 0x000000008bc00000| Complete 
| 189|0x000000008bd00000, 0x000000008bd00000, 0x000000008be00000|  0%| F|  |TAMS 0x000000008bd00000, 0x000000008bd00000| Untracked 
| 190|0x000000008be00000, 0x000000008bf00000, 0x000000008bf00000|100%| S|CS|TAMS 0x000000008be00000, 0x000000008be00000| Complete 
| 191|0x000000008bf00000, 0x000000008c000000, 0x000000008c000000|100%| S|CS|TAMS 0x000000008bf00000, 0x000000008bf00000| Complete 
| 192|0x000000008c000000, 0x000000008c000000, 0x000000008c100000|  0%| F|  |TAMS 0x000000008c000000, 0x000000008c000000| Untracked 
| 193|0x000000008c100000, 0x000000008c200000, 0x000000008c200000|100%| S|CS|TAMS 0x000000008c100000, 0x000000008c100000| Complete 
| 194|0x000000008c200000, 0x000000008c300000, 0x000000008c300000|100%| S|CS|TAMS 0x000000008c200000, 0x000000008c200000| Complete 
| 195|0x000000008c300000, 0x000000008c300000, 0x000000008c400000|  0%| F|  |TAMS 0x000000008c300000, 0x000000008c300000| Untracked 
| 196|0x000000008c400000, 0x000000008c400000, 0x000000008c500000|  0%| F|  |TAMS 0x000000008c400000, 0x000000008c400000| Untracked 
| 197|0x000000008c500000, 0x000000008c500000, 0x000000008c600000|  0%| F|  |TAMS 0x000000008c500000, 0x000000008c500000| Untracked 
| 198|0x000000008c600000, 0x000000008c600000, 0x000000008c700000|  0%| F|  |TAMS 0x000000008c600000, 0x000000008c600000| Untracked 
| 199|0x000000008c700000, 0x000000008c700000, 0x000000008c800000|  0%| F|  |TAMS 0x000000008c700000, 0x000000008c700000| Untracked 
| 200|0x000000008c800000, 0x000000008c800000, 0x000000008c900000|  0%| F|  |TAMS 0x000000008c800000, 0x000000008c800000| Untracked 
| 201|0x000000008c900000, 0x000000008c900000, 0x000000008ca00000|  0%| F|  |TAMS 0x000000008c900000, 0x000000008c900000| Untracked 
| 202|0x000000008ca00000, 0x000000008ca00000, 0x000000008cb00000|  0%| F|  |TAMS 0x000000008ca00000, 0x000000008ca00000| Untracked 
| 203|0x000000008cb00000, 0x000000008cb00000, 0x000000008cc00000|  0%| F|  |TAMS 0x000000008cb00000, 0x000000008cb00000| Untracked 
| 204|0x000000008cc00000, 0x000000008cc00000, 0x000000008cd00000|  0%| F|  |TAMS 0x000000008cc00000, 0x000000008cc00000| Untracked 
| 205|0x000000008cd00000, 0x000000008cd00000, 0x000000008ce00000|  0%| F|  |TAMS 0x000000008cd00000, 0x000000008cd00000| Untracked 
| 206|0x000000008ce00000, 0x000000008ce00000, 0x000000008cf00000|  0%| F|  |TAMS 0x000000008ce00000, 0x000000008ce00000| Untracked 
| 207|0x000000008cf00000, 0x000000008cf00000, 0x000000008d000000|  0%| F|  |TAMS 0x000000008cf00000, 0x000000008cf00000| Untracked 
| 208|0x000000008d000000, 0x000000008d000000, 0x000000008d100000|  0%| F|  |TAMS 0x000000008d000000, 0x000000008d000000| Untracked 
| 209|0x000000008d100000, 0x000000008d100000, 0x000000008d200000|  0%| F|  |TAMS 0x000000008d100000, 0x000000008d100000| Untracked 
| 210|0x000000008d200000, 0x000000008d200000, 0x000000008d300000|  0%| F|  |TAMS 0x000000008d200000, 0x000000008d200000| Untracked 
| 211|0x000000008d300000, 0x000000008d300000, 0x000000008d400000|  0%| F|  |TAMS 0x000000008d300000, 0x000000008d300000| Untracked 
| 212|0x000000008d400000, 0x000000008d400000, 0x000000008d500000|  0%| F|  |TAMS 0x000000008d400000, 0x000000008d400000| Untracked 
| 213|0x000000008d500000, 0x000000008d500000, 0x000000008d600000|  0%| F|  |TAMS 0x000000008d500000, 0x000000008d500000| Untracked 
| 214|0x000000008d600000, 0x000000008d600000, 0x000000008d700000|  0%| F|  |TAMS 0x000000008d600000, 0x000000008d600000| Untracked 
| 215|0x000000008d700000, 0x000000008d700000, 0x000000008d800000|  0%| F|  |TAMS 0x000000008d700000, 0x000000008d700000| Untracked 
| 216|0x000000008d800000, 0x000000008d800000, 0x000000008d900000|  0%| F|  |TAMS 0x000000008d800000, 0x000000008d800000| Untracked 
| 217|0x000000008d900000, 0x000000008d900000, 0x000000008da00000|  0%| F|  |TAMS 0x000000008d900000, 0x000000008d900000| Untracked 
| 218|0x000000008da00000, 0x000000008da00000, 0x000000008db00000|  0%| F|  |TAMS 0x000000008da00000, 0x000000008da00000| Untracked 
| 219|0x000000008db00000, 0x000000008db00000, 0x000000008dc00000|  0%| F|  |TAMS 0x000000008db00000, 0x000000008db00000| Untracked 
| 220|0x000000008dc00000, 0x000000008dc00000, 0x000000008dd00000|  0%| F|  |TAMS 0x000000008dc00000, 0x000000008dc00000| Untracked 
| 221|0x000000008dd00000, 0x000000008dd00000, 0x000000008de00000|  0%| F|  |TAMS 0x000000008dd00000, 0x000000008dd00000| Untracked 
| 222|0x000000008de00000, 0x000000008de00000, 0x000000008df00000|  0%| F|  |TAMS 0x000000008de00000, 0x000000008de00000| Untracked 
| 223|0x000000008df00000, 0x000000008df00000, 0x000000008e000000|  0%| F|  |TAMS 0x000000008df00000, 0x000000008df00000| Untracked 
| 224|0x000000008e000000, 0x000000008e000000, 0x000000008e100000|  0%| F|  |TAMS 0x000000008e000000, 0x000000008e000000| Untracked 
| 225|0x000000008e100000, 0x000000008e100000, 0x000000008e200000|  0%| F|  |TAMS 0x000000008e100000, 0x000000008e100000| Untracked 
| 226|0x000000008e200000, 0x000000008e200000, 0x000000008e300000|  0%| F|  |TAMS 0x000000008e200000, 0x000000008e200000| Untracked 
| 227|0x000000008e300000, 0x000000008e300000, 0x000000008e400000|  0%| F|  |TAMS 0x000000008e300000, 0x000000008e300000| Untracked 
| 228|0x000000008e400000, 0x000000008e400000, 0x000000008e500000|  0%| F|  |TAMS 0x000000008e400000, 0x000000008e400000| Untracked 
| 229|0x000000008e500000, 0x000000008e500000, 0x000000008e600000|  0%| F|  |TAMS 0x000000008e500000, 0x000000008e500000| Untracked 
| 230|0x000000008e600000, 0x000000008e600000, 0x000000008e700000|  0%| F|  |TAMS 0x000000008e600000, 0x000000008e600000| Untracked 
| 231|0x000000008e700000, 0x000000008e700000, 0x000000008e800000|  0%| F|  |TAMS 0x000000008e700000, 0x000000008e700000| Untracked 
| 232|0x000000008e800000, 0x000000008e800000, 0x000000008e900000|  0%| F|  |TAMS 0x000000008e800000, 0x000000008e800000| Untracked 
| 233|0x000000008e900000, 0x000000008e900000, 0x000000008ea00000|  0%| F|  |TAMS 0x000000008e900000, 0x000000008e900000| Untracked 
| 234|0x000000008ea00000, 0x000000008ea00000, 0x000000008eb00000|  0%| F|  |TAMS 0x000000008ea00000, 0x000000008ea00000| Untracked 
| 235|0x000000008eb00000, 0x000000008eb00000, 0x000000008ec00000|  0%| F|  |TAMS 0x000000008eb00000, 0x000000008eb00000| Untracked 
| 236|0x000000008ec00000, 0x000000008ec00000, 0x000000008ed00000|  0%| F|  |TAMS 0x000000008ec00000, 0x000000008ec00000| Untracked 
| 237|0x000000008ed00000, 0x000000008ed00000, 0x000000008ee00000|  0%| F|  |TAMS 0x000000008ed00000, 0x000000008ed00000| Untracked 
| 238|0x000000008ee00000, 0x000000008ee00000, 0x000000008ef00000|  0%| F|  |TAMS 0x000000008ee00000, 0x000000008ee00000| Untracked 
| 239|0x000000008ef00000, 0x000000008ef00000, 0x000000008f000000|  0%| F|  |TAMS 0x000000008ef00000, 0x000000008ef00000| Untracked 
| 240|0x000000008f000000, 0x000000008f000000, 0x000000008f100000|  0%| F|  |TAMS 0x000000008f000000, 0x000000008f000000| Untracked 
| 241|0x000000008f100000, 0x000000008f100000, 0x000000008f200000|  0%| F|  |TAMS 0x000000008f100000, 0x000000008f100000| Untracked 
| 242|0x000000008f200000, 0x000000008f200000, 0x000000008f300000|  0%| F|  |TAMS 0x000000008f200000, 0x000000008f200000| Untracked 
| 243|0x000000008f300000, 0x000000008f300000, 0x000000008f400000|  0%| F|  |TAMS 0x000000008f300000, 0x000000008f300000| Untracked 
| 244|0x000000008f400000, 0x000000008f400000, 0x000000008f500000|  0%| F|  |TAMS 0x000000008f400000, 0x000000008f400000| Untracked 
| 245|0x000000008f500000, 0x000000008f500000, 0x000000008f600000|  0%| F|  |TAMS 0x000000008f500000, 0x000000008f500000| Untracked 
| 246|0x000000008f600000, 0x000000008f600000, 0x000000008f700000|  0%| F|  |TAMS 0x000000008f600000, 0x000000008f600000| Untracked 
| 247|0x000000008f700000, 0x000000008f700000, 0x000000008f800000|  0%| F|  |TAMS 0x000000008f700000, 0x000000008f700000| Untracked 
| 248|0x000000008f800000, 0x000000008f800000, 0x000000008f900000|  0%| F|  |TAMS 0x000000008f800000, 0x000000008f800000| Untracked 
| 249|0x000000008f900000, 0x000000008f900000, 0x000000008fa00000|  0%| F|  |TAMS 0x000000008f900000, 0x000000008f900000| Untracked 
| 250|0x000000008fa00000, 0x000000008fa00000, 0x000000008fb00000|  0%| F|  |TAMS 0x000000008fa00000, 0x000000008fa00000| Untracked 
| 251|0x000000008fb00000, 0x000000008fb00000, 0x000000008fc00000|  0%| F|  |TAMS 0x000000008fb00000, 0x000000008fb00000| Untracked 
| 252|0x000000008fc00000, 0x000000008fc00000, 0x000000008fd00000|  0%| F|  |TAMS 0x000000008fc00000, 0x000000008fc00000| Untracked 
| 253|0x000000008fd00000, 0x000000008fd00000, 0x000000008fe00000|  0%| F|  |TAMS 0x000000008fd00000, 0x000000008fd00000| Untracked 
| 254|0x000000008fe00000, 0x000000008fe00000, 0x000000008ff00000|  0%| F|  |TAMS 0x000000008fe00000, 0x000000008fe00000| Untracked 
| 255|0x000000008ff00000, 0x000000008ff00000, 0x0000000090000000|  0%| F|  |TAMS 0x000000008ff00000, 0x000000008ff00000| Untracked 
| 256|0x0000000090000000, 0x0000000090000000, 0x0000000090100000|  0%| F|  |TAMS 0x0000000090000000, 0x0000000090000000| Untracked 
| 257|0x0000000090100000, 0x0000000090100000, 0x0000000090200000|  0%| F|  |TAMS 0x0000000090100000, 0x0000000090100000| Untracked 
| 258|0x0000000090200000, 0x0000000090200000, 0x0000000090300000|  0%| F|  |TAMS 0x0000000090200000, 0x0000000090200000| Untracked 
| 259|0x0000000090300000, 0x0000000090300000, 0x0000000090400000|  0%| F|  |TAMS 0x0000000090300000, 0x0000000090300000| Untracked 
| 260|0x0000000090400000, 0x0000000090400000, 0x0000000090500000|  0%| F|  |TAMS 0x0000000090400000, 0x0000000090400000| Untracked 
| 261|0x0000000090500000, 0x0000000090500000, 0x0000000090600000|  0%| F|  |TAMS 0x0000000090500000, 0x0000000090500000| Untracked 
| 262|0x0000000090600000, 0x0000000090600000, 0x0000000090700000|  0%| F|  |TAMS 0x0000000090600000, 0x0000000090600000| Untracked 
| 263|0x0000000090700000, 0x0000000090700000, 0x0000000090800000|  0%| F|  |TAMS 0x0000000090700000, 0x0000000090700000| Untracked 
| 264|0x0000000090800000, 0x0000000090800000, 0x0000000090900000|  0%| F|  |TAMS 0x0000000090800000, 0x0000000090800000| Untracked 
| 265|0x0000000090900000, 0x0000000090900000, 0x0000000090a00000|  0%| F|  |TAMS 0x0000000090900000, 0x0000000090900000| Untracked 
| 266|0x0000000090a00000, 0x0000000090a00000, 0x0000000090b00000|  0%| F|  |TAMS 0x0000000090a00000, 0x0000000090a00000| Untracked 
| 267|0x0000000090b00000, 0x0000000090b00000, 0x0000000090c00000|  0%| F|  |TAMS 0x0000000090b00000, 0x0000000090b00000| Untracked 
| 268|0x0000000090c00000, 0x0000000090c00000, 0x0000000090d00000|  0%| F|  |TAMS 0x0000000090c00000, 0x0000000090c00000| Untracked 
| 269|0x0000000090d00000, 0x0000000090d00000, 0x0000000090e00000|  0%| F|  |TAMS 0x0000000090d00000, 0x0000000090d00000| Untracked 
| 270|0x0000000090e00000, 0x0000000090e00000, 0x0000000090f00000|  0%| F|  |TAMS 0x0000000090e00000, 0x0000000090e00000| Untracked 
| 271|0x0000000090f00000, 0x0000000090f00000, 0x0000000091000000|  0%| F|  |TAMS 0x0000000090f00000, 0x0000000090f00000| Untracked 
| 272|0x0000000091000000, 0x0000000091000000, 0x0000000091100000|  0%| F|  |TAMS 0x0000000091000000, 0x0000000091000000| Untracked 
| 273|0x0000000091100000, 0x0000000091100000, 0x0000000091200000|  0%| F|  |TAMS 0x0000000091100000, 0x0000000091100000| Untracked 
| 274|0x0000000091200000, 0x0000000091200000, 0x0000000091300000|  0%| F|  |TAMS 0x0000000091200000, 0x0000000091200000| Untracked 
| 275|0x0000000091300000, 0x0000000091300000, 0x0000000091400000|  0%| F|  |TAMS 0x0000000091300000, 0x0000000091300000| Untracked 
| 276|0x0000000091400000, 0x0000000091400000, 0x0000000091500000|  0%| F|  |TAMS 0x0000000091400000, 0x0000000091400000| Untracked 
| 277|0x0000000091500000, 0x0000000091500000, 0x0000000091600000|  0%| F|  |TAMS 0x0000000091500000, 0x0000000091500000| Untracked 
| 278|0x0000000091600000, 0x0000000091600000, 0x0000000091700000|  0%| F|  |TAMS 0x0000000091600000, 0x0000000091600000| Untracked 
| 279|0x0000000091700000, 0x0000000091700000, 0x0000000091800000|  0%| F|  |TAMS 0x0000000091700000, 0x0000000091700000| Untracked 
| 280|0x0000000091800000, 0x0000000091800000, 0x0000000091900000|  0%| F|  |TAMS 0x0000000091800000, 0x0000000091800000| Untracked 
| 281|0x0000000091900000, 0x0000000091900000, 0x0000000091a00000|  0%| F|  |TAMS 0x0000000091900000, 0x0000000091900000| Untracked 
| 282|0x0000000091a00000, 0x0000000091a00000, 0x0000000091b00000|  0%| F|  |TAMS 0x0000000091a00000, 0x0000000091a00000| Untracked 
| 283|0x0000000091b00000, 0x0000000091b00000, 0x0000000091c00000|  0%| F|  |TAMS 0x0000000091b00000, 0x0000000091b00000| Untracked 
| 284|0x0000000091c00000, 0x0000000091c00000, 0x0000000091d00000|  0%| F|  |TAMS 0x0000000091c00000, 0x0000000091c00000| Untracked 
| 285|0x0000000091d00000, 0x0000000091d00000, 0x0000000091e00000|  0%| F|  |TAMS 0x0000000091d00000, 0x0000000091d00000| Untracked 
| 286|0x0000000091e00000, 0x0000000091e00000, 0x0000000091f00000|  0%| F|  |TAMS 0x0000000091e00000, 0x0000000091e00000| Untracked 
| 287|0x0000000091f00000, 0x0000000091f00000, 0x0000000092000000|  0%| F|  |TAMS 0x0000000091f00000, 0x0000000091f00000| Untracked 
| 288|0x0000000092000000, 0x0000000092000000, 0x0000000092100000|  0%| F|  |TAMS 0x0000000092000000, 0x0000000092000000| Untracked 

Card table byte_map: [0x00000262eed60000,0x00000262ef160000] _byte_map_base: 0x00000262ee960000

Marking Bits (Prev, Next): (CMBitMap*) 0x00000262d78e0b60, (CMBitMap*) 0x00000262d78e0b20
 Prev Bits: [0x00000262f1560000, 0x00000262f3560000)
 Next Bits: [0x00000262ef560000, 0x00000262f1560000)

Polling page: 0x00000262d58b0000

Metaspace:

Usage:
  Non-class:    110.76 MB used.
      Class:     17.72 MB used.
       Both:    128.48 MB used.

Virtual space:
  Non-class space:      128.00 MB reserved,     111.38 MB ( 87%) committed,  2 nodes.
      Class space:        1.00 GB reserved,      18.31 MB (  2%) committed,  1 nodes.
             Both:        1.12 GB reserved,     129.69 MB ( 11%) committed. 

Chunk freelists:
   Non-Class:  688.00 KB
       Class:  13.73 MB
        Both:  14.40 MB

MaxMetaspaceSize: unlimited
CompressedClassSpaceSize: 1.00 GB
Initial GC threshold: 21.00 MB
Current GC threshold: 188.06 MB
CDS: on
MetaspaceReclaimPolicy: balanced
 - commit_granule_bytes: 65536.
 - commit_granule_words: 8192.
 - virtual_space_node_default_size: 8388608.
 - enlarge_chunks_in_place: 1.
 - new_chunks_are_fully_committed: 0.
 - uncommit_free_chunks: 1.
 - use_allocation_guard: 0.
 - handle_deallocations: 1.


Internal statistics:

num_allocs_failed_limit: 30.
num_arena_births: 2088.
num_arena_deaths: 58.
num_vsnodes_births: 3.
num_vsnodes_deaths: 0.
num_space_committed: 2076.
num_space_uncommitted: 2.
num_chunks_returned_to_freelist: 123.
num_chunks_taken_from_freelist: 8084.
num_chunk_merges: 50.
num_chunk_splits: 5197.
num_chunks_enlarged: 3275.
num_inconsistent_stats: 0.

CodeHeap 'non-profiled nmethods': size=120000Kb used=9834Kb max_used=9918Kb free=110165Kb
 bounds [0x00000262e6ee0000, 0x00000262e78c0000, 0x00000262ee410000]
CodeHeap 'profiled nmethods': size=120000Kb used=38520Kb max_used=40022Kb free=81479Kb
 bounds [0x00000262df410000, 0x00000262e1b30000, 0x00000262e6940000]
CodeHeap 'non-nmethods': size=5760Kb used=1778Kb max_used=1846Kb free=3981Kb
 bounds [0x00000262e6940000, 0x00000262e6bb0000, 0x00000262e6ee0000]
 total_blobs=19075 nmethods=18203 adapters=783
 compilation: enabled
              stopped_count=0, restarted_count=0
 full_count=0

Compilation events (20 events):
Event: 83.388 Thread 0x00000262f61c51d0 nmethod 24230 0x00000262e77e8590 code [0x00000262e77e8720, 0x00000262e77e87f8]
Event: 83.388 Thread 0x00000262f61c51d0 24250       2       java.io.ObjectOutputStream$BlockDataOutputStream::<init> (57 bytes)
Event: 83.388 Thread 0x00000262f61c51d0 nmethod 24250 0x00000262e030c190 code [0x00000262e030c360, 0x00000262e030cab8]
Event: 83.388 Thread 0x00000262f61c51d0 24251       2       java.io.ObjectOutputStream$ReplaceTable::<init> (26 bytes)
Event: 83.389 Thread 0x00000262f61c51d0 nmethod 24251 0x00000262e17c5790 code [0x00000262e17c5940, 0x00000262e17c5c48]
Event: 83.389 Thread 0x00000262f61c51d0 24249       1       org.gradle.internal.work.DefaultConditionalExecutionQueue::access$200 (5 bytes)
Event: 83.389 Thread 0x00000262f61c51d0 nmethod 24249 0x00000262e77e8290 code [0x00000262e77e8420, 0x00000262e77e84d8]
Event: 83.389 Thread 0x00000262f61c51d0 24245       1       org.gradle.internal.work.DefaultConditionalExecutionQueue::access$100 (5 bytes)
Event: 83.389 Thread 0x00000262f61c51d0 nmethod 24245 0x00000262e77e7f10 code [0x00000262e77e80a0, 0x00000262e77e8158]
Event: 83.389 Thread 0x00000262f61c51d0 24232       2       jdk.internal.reflect.ClassFileAssembler::opc_arraylength (7 bytes)
Event: 83.389 Thread 0x00000262f61c51d0 nmethod 24232 0x00000262e0093990 code [0x00000262e0093b40, 0x00000262e0093ca8]
Event: 83.389 Thread 0x00000262f61c51d0 24252       1       org.gradle.internal.work.DefaultConditionalExecutionQueue::access$400 (5 bytes)
Event: 83.389 Thread 0x00000262f61c51d0 nmethod 24252 0x00000262e77e6e10 code [0x00000262e77e6fa0, 0x00000262e77e7058]
Event: 83.389 Thread 0x00000262f61c51d0 24253       1       org.gradle.internal.work.DefaultConditionalExecutionQueue::access$600 (5 bytes)
Event: 83.389 Thread 0x00000262f61c51d0 nmethod 24253 0x00000262e77e6b10 code [0x00000262e77e6ca0, 0x00000262e77e6d58]
Event: 83.389 Thread 0x00000262f61c51d0 24233       2       jdk.internal.reflect.ClassFileAssembler::opc_if_icmpeq (33 bytes)
Event: 83.390 Thread 0x00000262f61c51d0 nmethod 24233 0x00000262e0cd1410 code [0x00000262e0cd1600, 0x00000262e0cd1938]
Event: 83.390 Thread 0x00000262f61c51d0 24257       2       java.io.ObjectStreamClass::writeNonProxy (161 bytes)
Event: 83.391 Thread 0x00000262f61c51d0 nmethod 24257 0x00000262e184b410 code [0x00000262e184b6c0, 0x00000262e184bd88]
Event: 83.391 Thread 0x00000262f61c51d0 24258       2       org.gradle.api.internal.provider.ManagedFactories$PropertyManagedFactory::fromState (55 bytes)

GC Heap History (20 events):
Event: 77.282 GC heap after
{Heap after GC invocations=44 (full 0):
 garbage-first heap   total 295936K, used 150198K [0x0000000080000000, 0x0000000100000000)
  region size 1024K, 2 young (2048K), 2 survivors (2048K)
 Metaspace       used 120960K, committed 121984K, reserved 1179648K
  class space    used 16538K, committed 17024K, reserved 1048576K
}
Event: 78.601 GC heap before
{Heap before GC invocations=44 (full 0):
 garbage-first heap   total 295936K, used 237238K [0x0000000080000000, 0x0000000100000000)
  region size 1024K, 88 young (90112K), 2 survivors (2048K)
 Metaspace       used 127042K, committed 128256K, reserved 1179648K
  class space    used 17566K, committed 18176K, reserved 1048576K
}
Event: 78.612 GC heap after
{Heap after GC invocations=45 (full 0):
 garbage-first heap   total 295936K, used 152346K [0x0000000080000000, 0x0000000100000000)
  region size 1024K, 4 young (4096K), 4 survivors (4096K)
 Metaspace       used 127042K, committed 128256K, reserved 1179648K
  class space    used 17566K, committed 18176K, reserved 1048576K
}
Event: 79.228 GC heap before
{Heap before GC invocations=45 (full 0):
 garbage-first heap   total 295936K, used 241434K [0x0000000080000000, 0x0000000100000000)
  region size 1024K, 92 young (94208K), 4 survivors (4096K)
 Metaspace       used 128624K, committed 129792K, reserved 1179648K
  class space    used 17843K, committed 18432K, reserved 1048576K
}
Event: 79.238 GC heap after
{Heap after GC invocations=46 (full 0):
 garbage-first heap   total 295936K, used 155024K [0x0000000080000000, 0x0000000100000000)
  region size 1024K, 7 young (7168K), 7 survivors (7168K)
 Metaspace       used 128624K, committed 129792K, reserved 1179648K
  class space    used 17843K, committed 18432K, reserved 1048576K
}
Event: 79.725 GC heap before
{Heap before GC invocations=46 (full 0):
 garbage-first heap   total 295936K, used 244112K [0x0000000080000000, 0x0000000100000000)
  region size 1024K, 94 young (96256K), 7 survivors (7168K)
 Metaspace       used 129435K, committed 130624K, reserved 1179648K
  class space    used 17978K, committed 18560K, reserved 1048576K
}
Event: 79.731 GC heap after
{Heap after GC invocations=47 (full 0):
 garbage-first heap   total 295936K, used 153912K [0x0000000080000000, 0x0000000100000000)
  region size 1024K, 6 young (6144K), 6 survivors (6144K)
 Metaspace       used 129435K, committed 130624K, reserved 1179648K
  class space    used 17978K, committed 18560K, reserved 1048576K
}
Event: 80.054 GC heap before
{Heap before GC invocations=47 (full 0):
 garbage-first heap   total 295936K, used 247096K [0x0000000080000000, 0x0000000100000000)
  region size 1024K, 97 young (99328K), 6 survivors (6144K)
 Metaspace       used 129651K, committed 130816K, reserved 1179648K
  class space    used 18005K, committed 18624K, reserved 1048576K
}
Event: 80.061 GC heap after
{Heap after GC invocations=48 (full 0):
 garbage-first heap   total 295936K, used 153398K [0x0000000080000000, 0x0000000100000000)
  region size 1024K, 5 young (5120K), 5 survivors (5120K)
 Metaspace       used 129651K, committed 130816K, reserved 1179648K
  class space    used 18005K, committed 18624K, reserved 1048576K
}
Event: 80.435 GC heap before
{Heap before GC invocations=48 (full 0):
 garbage-first heap   total 295936K, used 250678K [0x0000000080000000, 0x0000000100000000)
  region size 1024K, 100 young (102400K), 5 survivors (5120K)
 Metaspace       used 129942K, committed 131136K, reserved 1179648K
  class space    used 18009K, committed 18624K, reserved 1048576K
}
Event: 80.442 GC heap after
{Heap after GC invocations=49 (full 0):
 garbage-first heap   total 295936K, used 154424K [0x0000000080000000, 0x0000000100000000)
  region size 1024K, 6 young (6144K), 6 survivors (6144K)
 Metaspace       used 129942K, committed 131136K, reserved 1179648K
  class space    used 18009K, committed 18624K, reserved 1048576K
}
Event: 80.922 GC heap before
{Heap before GC invocations=49 (full 0):
 garbage-first heap   total 295936K, used 252728K [0x0000000080000000, 0x0000000100000000)
  region size 1024K, 102 young (104448K), 6 survivors (6144K)
 Metaspace       used 130175K, committed 131328K, reserved 1179648K
  class space    used 18013K, committed 18624K, reserved 1048576K
}
Event: 80.931 GC heap after
{Heap after GC invocations=50 (full 0):
 garbage-first heap   total 295936K, used 155213K [0x0000000080000000, 0x0000000100000000)
  region size 1024K, 7 young (7168K), 7 survivors (7168K)
 Metaspace       used 130175K, committed 131328K, reserved 1179648K
  class space    used 18013K, committed 18624K, reserved 1048576K
}
Event: 81.271 GC heap before
{Heap before GC invocations=50 (full 0):
 garbage-first heap   total 295936K, used 254541K [0x0000000080000000, 0x0000000100000000)
  region size 1024K, 104 young (106496K), 7 survivors (7168K)
 Metaspace       used 130521K, committed 131712K, reserved 1179648K
  class space    used 18039K, committed 18624K, reserved 1048576K
}
Event: 81.280 GC heap after
{Heap after GC invocations=51 (full 0):
 garbage-first heap   total 295936K, used 156442K [0x0000000080000000, 0x0000000100000000)
  region size 1024K, 8 young (8192K), 8 survivors (8192K)
 Metaspace       used 130521K, committed 131712K, reserved 1179648K
  class space    used 18039K, committed 18624K, reserved 1048576K
}
Event: 81.573 GC heap before
{Heap before GC invocations=51 (full 0):
 garbage-first heap   total 295936K, used 254746K [0x0000000080000000, 0x0000000100000000)
  region size 1024K, 105 young (107520K), 8 survivors (8192K)
 Metaspace       used 130904K, committed 132096K, reserved 1179648K
  class space    used 18110K, committed 18688K, reserved 1048576K
}
Event: 81.581 GC heap after
{Heap after GC invocations=52 (full 0):
 garbage-first heap   total 295936K, used 158063K [0x0000000080000000, 0x0000000100000000)
  region size 1024K, 9 young (9216K), 9 survivors (9216K)
 Metaspace       used 130904K, committed 132096K, reserved 1179648K
  class space    used 18110K, committed 18688K, reserved 1048576K
}
Event: 81.899 GC heap before
{Heap before GC invocations=52 (full 0):
 garbage-first heap   total 295936K, used 255343K [0x0000000080000000, 0x0000000100000000)
  region size 1024K, 105 young (107520K), 9 survivors (9216K)
 Metaspace       used 131037K, committed 132224K, reserved 1179648K
  class space    used 18116K, committed 18688K, reserved 1048576K
}
Event: 81.910 GC heap after
{Heap after GC invocations=53 (full 0):
 garbage-first heap   total 295936K, used 159020K [0x0000000080000000, 0x0000000100000000)
  region size 1024K, 9 young (9216K), 9 survivors (9216K)
 Metaspace       used 131037K, committed 132224K, reserved 1179648K
  class space    used 18116K, committed 18688K, reserved 1048576K
}
Event: 83.392 GC heap before
{Heap before GC invocations=53 (full 0):
 garbage-first heap   total 295936K, used 254252K [0x0000000080000000, 0x0000000100000000)
  region size 1024K, 103 young (105472K), 9 survivors (9216K)
 Metaspace       used 131565K, committed 132800K, reserved 1179648K
  class space    used 18147K, committed 18752K, reserved 1048576K
}

Dll operation events (16 events):
Event: 0.013 Loaded shared library C:\Program Files\Microsoft\jdk-17.0.20.8-hotspot\bin\java.dll
Event: 0.031 Loaded shared library C:\Program Files\Microsoft\jdk-17.0.20.8-hotspot\bin\jsvml.dll
Event: 0.087 Loaded shared library C:\Program Files\Microsoft\jdk-17.0.20.8-hotspot\bin\zip.dll
Event: 0.089 Loaded shared library C:\Program Files\Microsoft\jdk-17.0.20.8-hotspot\bin\instrument.dll
Event: 0.093 Loaded shared library C:\Program Files\Microsoft\jdk-17.0.20.8-hotspot\bin\net.dll
Event: 0.094 Loaded shared library C:\Program Files\Microsoft\jdk-17.0.20.8-hotspot\bin\nio.dll
Event: 0.096 Loaded shared library C:\Program Files\Microsoft\jdk-17.0.20.8-hotspot\bin\zip.dll
Event: 0.333 Loaded shared library C:\Program Files\Microsoft\jdk-17.0.20.8-hotspot\bin\jimage.dll
Event: 0.557 Loaded shared library C:\Program Files\Microsoft\jdk-17.0.20.8-hotspot\bin\verify.dll
Event: 0.599 Loaded shared library C:\Users\Quvonchbek\.gradle\native\1def1411415f61bf3af743bc5b6707747c0891f09f0c88961ee8f79bc544acac\windows-amd64\native-platform.dll
Event: 0.637 Loaded shared library C:\Users\Quvonchbek\.gradle\native\0.2.8\x86_64-windows-gnu\gradle-fileevents.dll
Event: 1.638 Loaded shared library C:\Program Files\Microsoft\jdk-17.0.20.8-hotspot\bin\management.dll
Event: 1.641 Loaded shared library C:\Program Files\Microsoft\jdk-17.0.20.8-hotspot\bin\management_ext.dll
Event: 1.822 Loaded shared library C:\Program Files\Microsoft\jdk-17.0.20.8-hotspot\bin\extnet.dll
Event: 1.979 Loaded shared library C:\Program Files\Microsoft\jdk-17.0.20.8-hotspot\bin\sunmscapi.dll
Event: 25.314 Loaded shared library C:\Program Files\Microsoft\jdk-17.0.20.8-hotspot\bin\rmi.dll

Deoptimization events (20 events):
Event: 82.150 Thread 0x00000262c13cb580 DEOPT PACKING pc=0x00000262e1aba131 sp=0x000000eed9ffd130
Event: 82.150 Thread 0x00000262c13cb580 DEOPT UNPACKING pc=0x00000262e6997143 sp=0x000000eed9ffc660 mode 0
Event: 82.243 Thread 0x00000262c13cb580 DEOPT PACKING pc=0x00000262e1ad54e6 sp=0x000000eed9ffd080
Event: 82.243 Thread 0x00000262c13cb580 DEOPT UNPACKING pc=0x00000262e6997143 sp=0x000000eed9ffc538 mode 0
Event: 83.160 Thread 0x00000262fe827160 Uncommon trap: trap_request=0xffffffd6 fr.pc=0x00000262e75b1a58 relative=0x00000000000025b8
Event: 83.160 Thread 0x00000262fe827160 Uncommon trap: reason=array_check action=maybe_recompile pc=0x00000262e75b1a58 method=java.util.TimSort.reverseRange([Ljava/lang/Object;II)V @ 20 c2
Event: 83.160 Thread 0x00000262fe827160 DEOPT PACKING pc=0x00000262e75b1a58 sp=0x000000eed17fa880
Event: 83.160 Thread 0x00000262fe827160 DEOPT UNPACKING pc=0x00000262e69969a3 sp=0x000000eed17fa6f0 mode 2
Event: 83.210 Thread 0x00000262fe827670 Uncommon trap: trap_request=0xffffffbe fr.pc=0x00000262e75fafb8 relative=0x0000000000000ef8
Event: 83.210 Thread 0x00000262fe827670 Uncommon trap: reason=profile_predicate action=maybe_recompile pc=0x00000262e75fafb8 method=org.objectweb.asm.ByteVector.encodeUtf8(Ljava/lang/String;II)Lorg/objectweb/asm/ByteVector; @ 16 c2
Event: 83.210 Thread 0x00000262fe827670 DEOPT PACKING pc=0x00000262e75fafb8 sp=0x000000eed18f9a00
Event: 83.210 Thread 0x00000262fe827670 DEOPT UNPACKING pc=0x00000262e69969a3 sp=0x000000eed18f9998 mode 2
Event: 83.274 Thread 0x00000262fddbd6e0 Uncommon trap: trap_request=0xffffff45 fr.pc=0x00000262e7459470 relative=0x0000000000000690
Event: 83.274 Thread 0x00000262fddbd6e0 Uncommon trap: reason=unstable_if action=reinterpret pc=0x00000262e7459470 method=java.lang.String.regionMatches(ZILjava/lang/String;II)Z @ 21 c2
Event: 83.274 Thread 0x00000262fddbd6e0 DEOPT PACKING pc=0x00000262e7459470 sp=0x000000eedbbfda10
Event: 83.274 Thread 0x00000262fddbd6e0 DEOPT UNPACKING pc=0x00000262e69969a3 sp=0x000000eedbbfd988 mode 2
Event: 83.289 Thread 0x00000262ff2d60a0 Uncommon trap: trap_request=0xffffff45 fr.pc=0x00000262e7211ab0 relative=0x00000000000001f0
Event: 83.290 Thread 0x00000262ff2d60a0 Uncommon trap: reason=unstable_if action=reinterpret pc=0x00000262e7211ab0 method=java.util.concurrent.ConcurrentHashMap.get(Ljava/lang/Object;)Ljava/lang/Object; @ 76 c2
Event: 83.290 Thread 0x00000262ff2d60a0 DEOPT PACKING pc=0x00000262e7211ab0 sp=0x000000eed39fd360
Event: 83.290 Thread 0x00000262ff2d60a0 DEOPT UNPACKING pc=0x00000262e69969a3 sp=0x000000eed39fd2d8 mode 2

Classes loaded (20 events):
Event: 77.660 Loading class java/util/SortedSet$1
Event: 77.660 Loading class java/util/SortedSet$1 done
Event: 77.750 Loading class java/util/IdentityHashMap$ValueIterator
Event: 77.750 Loading class java/util/IdentityHashMap$ValueIterator done
Event: 79.205 Loading class java/nio/ShortBuffer
Event: 79.206 Loading class java/nio/ShortBuffer done
Event: 79.318 Loading class java/nio/ByteBufferAsShortBufferL
Event: 79.319 Loading class java/nio/ByteBufferAsShortBufferL done
Event: 79.438 Loading class java/util/zip/Adler32
Event: 79.442 Loading class java/util/zip/Adler32 done
Event: 79.475 Loading class java/util/zip/ZipOutputStream$XEntry
Event: 79.475 Loading class java/util/zip/ZipOutputStream$XEntry done
Event: 79.522 Loading class java/util/Vector$Itr
Event: 79.524 Loading class java/util/Vector$Itr done
Event: 79.546 Loading class java/util/concurrent/ConcurrentHashMap$TreeNode
Event: 79.550 Loading class java/util/concurrent/ConcurrentHashMap$TreeNode done
Event: 79.550 Loading class java/util/concurrent/ConcurrentHashMap$TreeBin
Event: 79.551 Loading class java/util/concurrent/ConcurrentHashMap$TreeBin done
Event: 83.309 Loading class java/io/PushbackInputStream
Event: 83.309 Loading class java/io/PushbackInputStream done

Classes unloaded (20 events):
Event: 75.497 Thread 0x00000262f619bb30 Unloading class 0x0000026281dcb800 'jdk/internal/jimage/ImageHeader'
Event: 75.497 Thread 0x00000262f619bb30 Unloading class 0x0000026281dcadc8 'jdk/internal/jimage/BasicImageReader$2'
Event: 75.497 Thread 0x00000262f619bb30 Unloading class 0x0000026281dcab98 'jdk/internal/jimage/BasicImageReader$1'
Event: 75.497 Thread 0x00000262f619bb30 Unloading class 0x0000026281dca930 'jdk/internal/jimage/ImageReader$Resource'
Event: 75.497 Thread 0x00000262f619bb30 Unloading class 0x0000026281dca6c8 'jdk/internal/jimage/ImageReader$LinkNode'
Event: 75.497 Thread 0x00000262f619bb30 Unloading class 0x0000026281dca460 'jdk/internal/jimage/ImageReader$Directory'
Event: 75.497 Thread 0x00000262f619bb30 Unloading class 0x0000026281dca1f8 'jdk/internal/jimage/ImageReader$Node'
Event: 75.497 Thread 0x00000262f619bb30 Unloading class 0x0000026281dca000 'jdk/internal/jimage/ImageStrings'
Event: 75.497 Thread 0x00000262f619bb30 Unloading class 0x0000026281dc9b50 'jdk/internal/jimage/ImageReader$SharedImageReader'
Event: 75.497 Thread 0x00000262f619bb30 Unloading class 0x0000026281dc9890 'jdk/internal/jimage/BasicImageReader'
Event: 75.497 Thread 0x00000262f619bb30 Unloading class 0x0000026281dc9670 'jdk/internal/jimage/ImageReader'
Event: 75.497 Thread 0x00000262f619bb30 Unloading class 0x0000026281dc9448 'jdk/internal/jrtfs/SystemImage$2'
Event: 75.497 Thread 0x00000262f619bb30 Unloading class 0x0000026281dc9230 'jdk/internal/jrtfs/SystemImage$$Lambda$2207+0x0000026281dc9230'
Event: 75.497 Thread 0x00000262f619bb30 Unloading class 0x0000026281dc9000 'jdk/internal/jrtfs/ExplodedImage'
Event: 75.497 Thread 0x00000262f619bb30 Unloading class 0x0000026281dc8dc8 'jdk/internal/jrtfs/SystemImage$1'
Event: 75.497 Thread 0x00000262f619bb30 Unloading class 0x0000026281dc8bb0 'jdk/internal/jrtfs/SystemImage'
Event: 75.497 Thread 0x00000262f619bb30 Unloading class 0x0000026281dc8950 'jdk/internal/jrtfs/JrtFileStore'
Event: 75.497 Thread 0x00000262f619bb30 Unloading class 0x0000026281dc85d8 'jdk/internal/jrtfs/JrtPath'
Event: 75.497 Thread 0x00000262f619bb30 Unloading class 0x0000026281dc82e0 'jdk/internal/jrtfs/JrtFileSystem'
Event: 75.497 Thread 0x00000262f619bb30 Unloading class 0x0000026281dc8000 'jdk/internal/jrtfs/JrtFileSystemProvider'

Classes redefined (0 events):
No events

Internal exceptions (20 events):
Event: 82.273 Thread 0x00000262c13cb580 Exception <a 'sun/nio/fs/WindowsException'{0x000000008eae46b0}> (0x000000008eae46b0) 
thrown [s\src\hotspot\share\prims\jni.cpp, line 516]
Event: 82.281 Thread 0x00000262c13cb580 Exception <a 'sun/nio/fs/WindowsException'{0x000000008e88eb38}> (0x000000008e88eb38) 
thrown [s\src\hotspot\share\prims\jni.cpp, line 516]
Event: 82.285 Thread 0x00000262c13cb580 Exception <a 'sun/nio/fs/WindowsException'{0x000000008e896388}> (0x000000008e896388) 
thrown [s\src\hotspot\share\prims\jni.cpp, line 516]
Event: 82.289 Thread 0x00000262c13cb580 Exception <a 'sun/nio/fs/WindowsException'{0x000000008e89c3c0}> (0x000000008e89c3c0) 
thrown [s\src\hotspot\share\prims\jni.cpp, line 516]
Event: 82.293 Thread 0x00000262c13cb580 Exception <a 'sun/nio/fs/WindowsException'{0x000000008e8a2ad8}> (0x000000008e8a2ad8) 
thrown [s\src\hotspot\share\prims\jni.cpp, line 516]
Event: 82.299 Thread 0x00000262c13cb580 Exception <a 'sun/nio/fs/WindowsException'{0x000000008e8cc590}> (0x000000008e8cc590) 
thrown [s\src\hotspot\share\prims\jni.cpp, line 516]
Event: 82.302 Thread 0x00000262c13cb580 Exception <a 'sun/nio/fs/WindowsException'{0x000000008e7c99f8}> (0x000000008e7c99f8) 
thrown [s\src\hotspot\share\prims\jni.cpp, line 516]
Event: 82.307 Thread 0x00000262c13cb580 Exception <a 'sun/nio/fs/WindowsException'{0x000000008e7d90a0}> (0x000000008e7d90a0) 
thrown [s\src\hotspot\share\prims\jni.cpp, line 516]
Event: 82.310 Thread 0x00000262c13cb580 Exception <a 'sun/nio/fs/WindowsException'{0x000000008e7e4750}> (0x000000008e7e4750) 
thrown [s\src\hotspot\share\prims\jni.cpp, line 516]
Event: 82.313 Thread 0x00000262c13cb580 Exception <a 'sun/nio/fs/WindowsException'{0x000000008e7eb610}> (0x000000008e7eb610) 
thrown [s\src\hotspot\share\prims\jni.cpp, line 516]
Event: 82.316 Thread 0x00000262c13cb580 Exception <a 'sun/nio/fs/WindowsException'{0x000000008e7f7598}> (0x000000008e7f7598) 
thrown [s\src\hotspot\share\prims\jni.cpp, line 516]
Event: 82.319 Thread 0x00000262c13cb580 Exception <a 'sun/nio/fs/WindowsException'{0x000000008e7fd6d0}> (0x000000008e7fd6d0) 
thrown [s\src\hotspot\share\prims\jni.cpp, line 516]
Event: 82.322 Thread 0x00000262c13cb580 Exception <a 'sun/nio/fs/WindowsException'{0x000000008e5c76b8}> (0x000000008e5c76b8) 
thrown [s\src\hotspot\share\prims\jni.cpp, line 516]
Event: 82.326 Thread 0x00000262c13cb580 Exception <a 'sun/nio/fs/WindowsException'{0x000000008e5cee20}> (0x000000008e5cee20) 
thrown [s\src\hotspot\share\prims\jni.cpp, line 516]
Event: 82.332 Thread 0x00000262c13cb580 Exception <a 'sun/nio/fs/WindowsException'{0x000000008e5fa280}> (0x000000008e5fa280) 
thrown [s\src\hotspot\share\prims\jni.cpp, line 516]
Event: 82.337 Thread 0x00000262c13cb580 Exception <a 'sun/nio/fs/WindowsException'{0x000000008e4d57c0}> (0x000000008e4d57c0) 
thrown [s\src\hotspot\share\prims\jni.cpp, line 516]
Event: 82.346 Thread 0x00000262c13cb580 Exception <a 'sun/nio/fs/WindowsException'{0x000000008e203190}> (0x000000008e203190) 
thrown [s\src\hotspot\share\prims\jni.cpp, line 516]
Event: 83.344 Thread 0x00000262fddbd6e0 Exception <a 'sun/nio/fs/WindowsException'{0x000000008c90c030}> (0x000000008c90c030) 
thrown [s\src\hotspot\share\prims\jni.cpp, line 516]
Event: 83.369 Thread 0x00000262fddbd6e0 Exception <a 'sun/nio/fs/WindowsException'{0x000000008c6a4918}> (0x000000008c6a4918) 
thrown [s\src\hotspot\share\prims\jni.cpp, line 516]
Event: 83.374 Thread 0x00000262fddbd6e0 Exception <a 'sun/nio/fs/WindowsException'{0x000000008c5a2aa0}> (0x000000008c5a2aa0) 
thrown [s\src\hotspot\share\prims\jni.cpp, line 516]

VM Operations (20 events):
Event: 81.558 Executing VM operation: HandshakeAllThreads done
Event: 81.572 Executing VM operation: G1CollectForAllocation
Event: 81.581 Executing VM operation: G1CollectForAllocation done
Event: 81.813 Executing VM operation: ICBufferFull
Event: 81.814 Executing VM operation: ICBufferFull done
Event: 81.899 Executing VM operation: G1CollectForAllocation
Event: 81.910 Executing VM operation: G1CollectForAllocation done
Event: 81.972 Executing VM operation: HandshakeAllThreads
Event: 81.973 Executing VM operation: HandshakeAllThreads done
Event: 82.047 Executing VM operation: HandshakeAllThreads
Event: 82.056 Executing VM operation: HandshakeAllThreads done
Event: 82.107 Executing VM operation: ICBufferFull
Event: 82.108 Executing VM operation: ICBufferFull done
Event: 83.112 Executing VM operation: Cleanup
Event: 83.113 Executing VM operation: Cleanup done
Event: 83.274 Executing VM operation: HandshakeAllThreads
Event: 83.274 Executing VM operation: HandshakeAllThreads done
Event: 83.318 Executing VM operation: ICBufferFull
Event: 83.318 Executing VM operation: ICBufferFull done
Event: 83.392 Executing VM operation: G1CollectForAllocation

Memory protections (0 events):
No events

Nmethod flushes (20 events):
Event: 83.318 Thread 0x00000262f61c8c70 flushing  nmethod 0x00000262e1a97410
Event: 83.318 Thread 0x00000262f61c8c70 flushing  nmethod 0x00000262e1a9b010
Event: 83.318 Thread 0x00000262f61c8c70 flushing  nmethod 0x00000262e1a9c910
Event: 83.318 Thread 0x00000262f61c8c70 flushing  nmethod 0x00000262e1aa0390
Event: 83.318 Thread 0x00000262f61c8c70 flushing  nmethod 0x00000262e1ab1010
Event: 83.318 Thread 0x00000262f61c8c70 flushing  nmethod 0x00000262e1ab3710
Event: 83.318 Thread 0x00000262f61c8c70 flushing  nmethod 0x00000262e1ab3d90
Event: 83.318 Thread 0x00000262f61c8c70 flushing  nmethod 0x00000262e1ab4190
Event: 83.318 Thread 0x00000262f61c8c70 flushing  nmethod 0x00000262e1abbc10
Event: 83.318 Thread 0x00000262f61c8c70 flushing  nmethod 0x00000262e1abda10
Event: 83.318 Thread 0x00000262f61c8c70 flushing  nmethod 0x00000262e1ac3110
Event: 83.318 Thread 0x00000262f61c8c70 flushing  nmethod 0x00000262e1ac9b90
Event: 83.318 Thread 0x00000262f61c8c70 flushing  nmethod 0x00000262e1ad5710
Event: 83.318 Thread 0x00000262f61c8c70 flushing  nmethod 0x00000262e1ad5b10
Event: 83.319 Thread 0x00000262f61c8c70 flushing  nmethod 0x00000262e1adfe10
Event: 83.319 Thread 0x00000262f61c8c70 flushing  nmethod 0x00000262e1ae0210
Event: 83.319 Thread 0x00000262f61c8c70 flushing  nmethod 0x00000262e1ae1a10
Event: 83.319 Thread 0x00000262f61c8c70 flushing  nmethod 0x00000262e1ae2c90
Event: 83.319 Thread 0x00000262f61c8c70 flushing  nmethod 0x00000262e1ae3110
Event: 83.319 Thread 0x00000262f61c8c70 flushing  nmethod 0x00000262e1ae6c90

Events (20 events):
Event: 67.934 Thread 0x00000262fe827160 Thread added: 0x00000262c1cedcb0
Event: 67.935 Thread 0x00000262fe827160 Thread added: 0x00000262c1cebe50
Event: 67.935 Thread 0x00000262fe827160 Thread added: 0x00000262c1cee6d0
Event: 67.935 Thread 0x00000262fe827160 Thread added: 0x00000262c1ced7a0
Event: 67.936 Thread 0x00000262fe827160 Thread added: 0x00000262c1cec360
Event: 67.936 Thread 0x00000262fe827160 Thread added: 0x00000262c1cec870
Event: 68.934 Thread 0x00000262fdc44070 Thread exited: 0x00000262fdc44070
Event: 69.278 Thread 0x00000262f61c1530 Thread added: 0x00000262fdc47040
Event: 69.802 Thread 0x00000262fdc47040 Thread exited: 0x00000262fdc47040
Event: 70.069 Thread 0x00000262f61c51d0 Thread added: 0x00000262fdc47040
Event: 73.688 Thread 0x00000262fe827160 Thread added: 0x00000262fddbe100
Event: 73.694 Thread 0x00000262fe827160 Thread added: 0x00000262fddbe610
Event: 73.697 Thread 0x00000262fe827160 Thread added: 0x00000262fddbb880
Event: 73.705 Thread 0x00000262fe827160 Thread added: 0x00000262fddbccc0
Event: 73.710 Thread 0x00000262fe827160 Thread added: 0x00000262fddbbd90
Event: 73.713 Thread 0x00000262fe827160 Thread added: 0x00000262fddbd6e0
Event: 73.745 Thread 0x00000262fe827160 Thread added: 0x00000262fddbd1d0
Event: 73.774 Thread 0x00000262fe827160 Thread added: 0x00000262fddbdbf0
Event: 75.777 Thread 0x00000262fddbdbf0 Thread exited: 0x00000262fddbdbf0
Event: 83.040 Thread 0x00000262fb3f6540 Thread exited: 0x00000262fb3f6540


Dynamic libraries:
0x00007ff7cedc0000 - 0x00007ff7cedce000 	C:\Program Files\Microsoft\jdk-17.0.20.8-hotspot\bin\java.exe
0x00007ffde6120000 - 0x00007ffde6387000 	C:\WINDOWS\SYSTEM32\ntdll.dll
0x00007ffde5070000 - 0x00007ffde513a000 	C:\WINDOWS\System32\KERNEL32.DLL
0x00007ffde3990000 - 0x00007ffde3d92000 	C:\WINDOWS\System32\KERNELBASE.dll
0x00007ffde34b0000 - 0x00007ffde35fc000 	C:\WINDOWS\System32\ucrtbase.dll
0x00007ffd9fad0000 - 0x00007ffd9fae8000 	C:\Program Files\Microsoft\jdk-17.0.20.8-hotspot\bin\jli.dll
0x00007ffd9faf0000 - 0x00007ffd9fb0e000 	C:\Program Files\Microsoft\jdk-17.0.20.8-hotspot\bin\VCRUNTIME140.dll
0x00007ffde3e50000 - 0x00007ffde401f000 	C:\WINDOWS\System32\USER32.dll
0x00007ffdc04a0000 - 0x00007ffdc0730000 	C:\WINDOWS\WinSxS\amd64_microsoft.windows.common-controls_6595b64144ccf1df_6.0.26100.9278_none_3e0d1ba8e3303201\COMCTL32.dll
0x00007ffde3960000 - 0x00007ffde3987000 	C:\WINDOWS\System32\win32u.dll
0x00007ffde56d0000 - 0x00007ffde5779000 	C:\WINDOWS\System32\msvcrt.dll
0x00007ffde5b20000 - 0x00007ffde5b4b000 	C:\WINDOWS\System32\GDI32.dll
0x00007ffde37a0000 - 0x00007ffde38c9000 	C:\WINDOWS\System32\gdi32full.dll
0x00007ffde3da0000 - 0x00007ffde3e43000 	C:\WINDOWS\System32\msvcp_win.dll
0x00007ffde51d0000 - 0x00007ffde5201000 	C:\WINDOWS\System32\IMM32.DLL
0x00007ffdd9c00000 - 0x00007ffdd9c0c000 	C:\Program Files\Microsoft\jdk-17.0.20.8-hotspot\bin\vcruntime140_1.dll
0x00007ffd446b0000 - 0x00007ffd44739000 	C:\Program Files\Microsoft\jdk-17.0.20.8-hotspot\bin\msvcp140.dll
0x00007ffd01fd0000 - 0x00007ffd02c4b000 	C:\Program Files\Microsoft\jdk-17.0.20.8-hotspot\bin\server\jvm.dll
0x00007ffde6010000 - 0x00007ffde60cc000 	C:\WINDOWS\System32\ADVAPI32.dll
0x00007ffde5310000 - 0x00007ffde53b9000 	C:\WINDOWS\System32\sechost.dll
0x00007ffde4530000 - 0x00007ffde4648000 	C:\WINDOWS\System32\RPCRT4.dll
0x00007ffde4df0000 - 0x00007ffde4e70000 	C:\WINDOWS\System32\WS2_32.dll
0x00007ffde31b0000 - 0x00007ffde320e000 	C:\WINDOWS\SYSTEM32\POWRPROF.dll
0x00007ffdd6520000 - 0x00007ffdd6556000 	C:\WINDOWS\SYSTEM32\WINMM.dll
0x00007ffdd1270000 - 0x00007ffdd127b000 	C:\WINDOWS\SYSTEM32\VERSION.dll
0x00007ffde3190000 - 0x00007ffde31a5000 	C:\WINDOWS\SYSTEM32\UMPDC.dll
0x00007ffde1fc0000 - 0x00007ffde1fdb000 	C:\WINDOWS\SYSTEM32\kernel.appcore.dll
0x00007ffdc2c20000 - 0x00007ffdc2c2a000 	C:\Program Files\Microsoft\jdk-17.0.20.8-hotspot\bin\jimage.dll
0x00007ffde09f0000 - 0x00007ffde0c32000 	C:\WINDOWS\SYSTEM32\DBGHELP.DLL
0x00007ffde40f0000 - 0x00007ffde4474000 	C:\WINDOWS\System32\combase.dll
0x00007ffde53c0000 - 0x00007ffde5499000 	C:\WINDOWS\System32\OLEAUT32.dll
0x00007ffdbf220000 - 0x00007ffdbf25b000 	C:\WINDOWS\SYSTEM32\dbgcore.DLL
0x00007ffde3330000 - 0x00007ffde33dc000 	C:\WINDOWS\System32\bcryptPrimitives.dll
0x00007ffda8cf0000 - 0x00007ffda8cff000 	C:\Program Files\Microsoft\jdk-17.0.20.8-hotspot\bin\instrument.dll
0x00007ffd9da20000 - 0x00007ffd9da46000 	C:\Program Files\Microsoft\jdk-17.0.20.8-hotspot\bin\java.dll
0x00007ffd43840000 - 0x00007ffd43916000 	C:\Program Files\Microsoft\jdk-17.0.20.8-hotspot\bin\jsvml.dll
0x00007ffde4650000 - 0x00007ffde4de8000 	C:\WINDOWS\System32\SHELL32.dll
0x00007ffde0d50000 - 0x00007ffde15fe000 	C:\WINDOWS\SYSTEM32\windows.storage.dll
0x00007ffde4f70000 - 0x00007ffde506b000 	C:\WINDOWS\System32\SHCORE.dll
0x00007ffde4f00000 - 0x00007ffde4f66000 	C:\WINDOWS\System32\shlwapi.dll
0x00007ffde3250000 - 0x00007ffde3279000 	C:\WINDOWS\SYSTEM32\profapi.dll
0x00007ffd98b60000 - 0x00007ffd98b78000 	C:\Program Files\Microsoft\jdk-17.0.20.8-hotspot\bin\zip.dll
0x00007ffd9f6b0000 - 0x00007ffd9f6cb000 	C:\Program Files\Microsoft\jdk-17.0.20.8-hotspot\bin\net.dll
0x00007ffddc7e0000 - 0x00007ffddc90a000 	C:\WINDOWS\SYSTEM32\WINHTTP.dll
0x00007ffde2560000 - 0x00007ffde25cc000 	C:\WINDOWS\system32\mswsock.dll
0x00007ffd9a430000 - 0x00007ffd9a446000 	C:\Program Files\Microsoft\jdk-17.0.20.8-hotspot\bin\nio.dll
0x00007ffdc2bd0000 - 0x00007ffdc2be0000 	C:\Program Files\Microsoft\jdk-17.0.20.8-hotspot\bin\verify.dll
0x00007ffd987c0000 - 0x00007ffd987e7000 	C:\Users\Quvonchbek\.gradle\native\1def1411415f61bf3af743bc5b6707747c0891f09f0c88961ee8f79bc544acac\windows-amd64\native-platform.dll
0x00007ffd7f3f0000 - 0x00007ffd7f467000 	C:\Users\Quvonchbek\.gradle\native\0.2.8\x86_64-windows-gnu\gradle-fileevents.dll
0x00007ffdbe4a0000 - 0x00007ffdbe4aa000 	C:\Program Files\Microsoft\jdk-17.0.20.8-hotspot\bin\management.dll
0x00007ffdb8330000 - 0x00007ffdb833c000 	C:\Program Files\Microsoft\jdk-17.0.20.8-hotspot\bin\management_ext.dll
0x00007ffde54a0000 - 0x00007ffde54a8000 	C:\WINDOWS\System32\PSAPI.DLL
0x00007ffde1950000 - 0x00007ffde1983000 	C:\WINDOWS\SYSTEM32\IPHLPAPI.DLL
0x00007ffde58f0000 - 0x00007ffde58fa000 	C:\WINDOWS\System32\NSI.dll
0x00007ffddd700000 - 0x00007ffddd71d000 	C:\WINDOWS\SYSTEM32\dhcpcsvc6.DLL
0x00007ffddd6a0000 - 0x00007ffddd6c5000 	C:\WINDOWS\SYSTEM32\dhcpcsvc.DLL
0x00007ffde1990000 - 0x00007ffde1ae8000 	C:\WINDOWS\SYSTEM32\DNSAPI.dll
0x00007ffde2380000 - 0x00007ffde238d000 	C:\WINDOWS\SYSTEM32\DSPARSE.dll
0x00007ffdb7410000 - 0x00007ffdb7419000 	C:\Program Files\Microsoft\jdk-17.0.20.8-hotspot\bin\extnet.dll
0x00007ffde2980000 - 0x00007ffde299b000 	C:\WINDOWS\SYSTEM32\CRYPTSP.dll
0x00007ffde1f20000 - 0x00007ffde1f59000 	C:\WINDOWS\system32\rsaenh.dll
0x00007ffde2610000 - 0x00007ffde2644000 	C:\WINDOWS\SYSTEM32\USERENV.dll
0x00007ffde3220000 - 0x00007ffde324a000 	C:\WINDOWS\SYSTEM32\bcrypt.dll
0x00007ffde27c0000 - 0x00007ffde27cc000 	C:\WINDOWS\SYSTEM32\CRYPTBASE.dll
0x00007ffda8690000 - 0x00007ffda869e000 	C:\Program Files\Microsoft\jdk-17.0.20.8-hotspot\bin\sunmscapi.dll
0x00007ffde3610000 - 0x00007ffde378e000 	C:\WINDOWS\System32\CRYPT32.dll
0x00007ffde2af0000 - 0x00007ffde2b20000 	C:\WINDOWS\SYSTEM32\ncrypt.dll
0x00007ffde2aa0000 - 0x00007ffde2adf000 	C:\WINDOWS\SYSTEM32\NTASN1.dll
0x00007ffdbc210000 - 0x00007ffdbc218000 	C:\WINDOWS\system32\wshunix.dll
0x00007ffde20f0000 - 0x00007ffde2126000 	C:\WINDOWS\SYSTEM32\ntmarta.dll
0x00007ffda8650000 - 0x00007ffda8657000 	C:\Program Files\Microsoft\jdk-17.0.20.8-hotspot\bin\rmi.dll

dbghelp: loaded successfully - version: 4.0.5 - missing functions: none
symbol engine: initialized successfully - sym options: 0x614 - pdb path: .;C:\Program Files\Microsoft\jdk-17.0.20.8-hotspot\bin;C:\WINDOWS\SYSTEM32;C:\WINDOWS\WinSxS\amd64_microsoft.windows.common-controls_6595b64144ccf1df_6.0.26100.9278_none_3e0d1ba8e3303201;C:\Program Files\Microsoft\jdk-17.0.20.8-hotspot\bin\server;C:\Users\Quvonchbek\.gradle\native\1def1411415f61bf3af743bc5b6707747c0891f09f0c88961ee8f79bc544acac\windows-amd64;C:\Users\Quvonchbek\.gradle\native\0.2.8\x86_64-windows-gnu

VM Arguments:
jvm_args: --add-opens=java.base/java.lang=ALL-UNNAMED --add-opens=java.base/java.lang.invoke=ALL-UNNAMED --add-opens=java.base/java.util=ALL-UNNAMED --add-opens=java.prefs/java.util.prefs=ALL-UNNAMED --add-exports=jdk.compiler/com.sun.tools.javac.api=ALL-UNNAMED --add-exports=jdk.compiler/com.sun.tools.javac.util=ALL-UNNAMED --add-opens=java.base/java.util=ALL-UNNAMED --add-opens=java.prefs/java.util.prefs=ALL-UNNAMED --add-opens=java.base/java.nio.charset=ALL-UNNAMED --add-opens=java.base/java.net=ALL-UNNAMED --add-opens=java.base/java.util.concurrent=ALL-UNNAMED --add-opens=java.base/java.util.concurrent.atomic=ALL-UNNAMED --add-opens=java.xml/javax.xml.namespace=ALL-UNNAMED --add-opens=java.base/java.time=ALL-UNNAMED -Xmx2048m -Dfile.encoding=UTF-8 -Duser.country=GB -Duser.language=en -Duser.variant -javaagent:C:\Users\Quvonchbek\.gradle\wrapper\dists\gradle-9.1.0-bin\9agqghryom9wkf8r80qlhnts3\gradle-9.1.0\lib\agents\gradle-instrumentation-agent-9.1.0.jar 
java_command: org.gradle.launcher.daemon.bootstrap.GradleDaemon 9.1.0
java_class_path (initial): C:\Users\Quvonchbek\.gradle\wrapper\dists\gradle-9.1.0-bin\9agqghryom9wkf8r80qlhnts3\gradle-9.1.0\lib\gradle-daemon-main-9.1.0.jar
Launcher Type: SUN_STANDARD

[Global flags]
     intx CICompilerCount                          = 4                                         {product} {ergonomic}
     uint ConcGCThreads                            = 3                                         {product} {ergonomic}
     uint G1ConcRefinementThreads                  = 10                                        {product} {ergonomic}
   size_t G1HeapRegionSize                         = 1048576                                   {product} {ergonomic}
    uintx GCDrainStackTargetSize                   = 64                                        {product} {ergonomic}
   size_t InitialHeapSize                          = 130023424                                 {product} {ergonomic}
   size_t MarkStackSize                            = 4194304                                   {product} {ergonomic}
   size_t MaxHeapSize                              = 2147483648                                {product} {command line}
   size_t MaxNewSize                               = 1287651328                                {product} {ergonomic}
   size_t MinHeapDeltaBytes                        = 1048576                                   {product} {ergonomic}
   size_t MinHeapSize                              = 8388608                                   {product} {ergonomic}
    uintx NonNMethodCodeHeapSize                   = 5839372                                {pd product} {ergonomic}
    uintx NonProfiledCodeHeapSize                  = 122909434                              {pd product} {ergonomic}
    uintx ProfiledCodeHeapSize                     = 122909434                              {pd product} {ergonomic}
    uintx ReservedCodeCacheSize                    = 251658240                              {pd product} {ergonomic}
     bool SegmentedCodeCache                       = true                                      {product} {ergonomic}
   size_t SoftMaxHeapSize                          = 2147483648                             {manageable} {ergonomic}
     bool UseCompressedClassPointers               = true                           {product lp64_product} {ergonomic}
     bool UseCompressedOops                        = true                           {product lp64_product} {ergonomic}
     bool UseG1GC                                  = true                                      {product} {ergonomic}
     bool UseLargePagesIndividualAllocation        = false                                  {pd product} {ergonomic}

Logging:
Log output configuration:
 #0: stdout all=warning uptime,level,tags
 #1: stderr all=off uptime,level,tags

Environment Variables:
JAVA_HOME=C:\Program Files\Microsoft\jdk-17.0.20.8-hotspot\
CLASSPATH=C:\Users\Quvonchbek\Desktop\Tic tac toe\android-app\\gradle\wrapper\gradle-wrapper.jar
PATH=C:/Users/Quvonchbek/.gemini/antigravity/bin;C:\Users\Quvonchbek\AppData\Roaming\Antigravity\bin;C:\Program Files\Microsoft\jdk-17.0.20.8-hotspot\bin;C:\WINDOWS\system32;C:\WINDOWS;C:\WINDOWS\System32\Wbem;C:\WINDOWS\System32\WindowsPowerShell\v1.0\;C:\WINDOWS\System32\OpenSSH\;C:\Program Files\Git\cmd;C:\xampp\php;C:\composer;C:\Program Files\nodejs\;C:\Users\Quvonchbek\AppData\Local\Programs\Python\Python313\Scripts\;C:\Users\Quvonchbek\AppData\Local\Programs\Python\Python313\;C:\Users\Quvonchbek\AppData\Local\Programs\Python\Launcher\;C:\Users\Quvonchbek\AppData\Local\Microsoft\WindowsApps;C:\Users\Quvonchbek\AppData\Local\Programs\Microsoft VS Code\bin;C:\Users\Quvonchbek\AppData\Local\Programs\MiKTeX\miktex\bin\x64\;C:\Users\Quvonchbek\AppData\Roaming\Composer\vendor\bin;D:\????? ?????\Kiro\bin;D:\26.02.2026 zagruzka\Antigravity\bin;C:\Users\Quvonchbek\AppData\Roaming\npm;C:\Users\Quvonchbek\AppData\Local\Programs\Antigravity IDE\bin;C:\Users\Quvonchbek\AppData\AndroidCLI
USERNAME=Quvonchbek
OS=Windows_NT
PROCESSOR_IDENTIFIER=Intel64 Family 6 Model 154 Stepping 4, GenuineIntel
TMP=C:\Users\QUVONC~1\AppData\Local\Temp
TEMP=C:\Users\QUVONC~1\AppData\Local\Temp



Periodic native trim disabled


---------------  S Y S T E M  ---------------

OS:
 Windows 11 , 64 bit Build 26100 (10.0.26100.9278)
OS uptime: 2 days 3:06 hours
Hyper-V role detected

CPU: total 12 (initial active 12) (6 cores per cpu, 2 threads per core) family 6 model 154 stepping 4 microcode 0x42c, cx8, cmov, fxsr, ht, mmx, 3dnowpref, sse, sse2, sse3, ssse3, sse4.1, sse4.2, popcnt, lzcnt, tsc, tscinvbit, avx, avx2, aes, erms, clmul, bmi1, bmi2, adx, sha, fma, vzeroupper, clflush, clflushopt, clwb, hv
Processor Information for processor 0
  Max Mhz: 1300, Current Mhz: 1300, Mhz Limit: 1300
Processor Information for processor 1
  Max Mhz: 1300, Current Mhz: 1300, Mhz Limit: 1300
Processor Information for processor 2
  Max Mhz: 1300, Current Mhz: 1300, Mhz Limit: 1300
Processor Information for processor 3
  Max Mhz: 1300, Current Mhz: 1300, Mhz Limit: 1300
Processor Information for processor 4
  Max Mhz: 1300, Current Mhz: 900, Mhz Limit: 897
Processor Information for processor 5
  Max Mhz: 1300, Current Mhz: 900, Mhz Limit: 897
Processor Information for processor 6
  Max Mhz: 1300, Current Mhz: 900, Mhz Limit: 897
Processor Information for processor 7
  Max Mhz: 1300, Current Mhz: 900, Mhz Limit: 897
Processor Information for processor 8
  Max Mhz: 1300, Current Mhz: 900, Mhz Limit: 897
Processor Information for processor 9
  Max Mhz: 1300, Current Mhz: 900, Mhz Limit: 897
Processor Information for processor 10
  Max Mhz: 1300, Current Mhz: 900, Mhz Limit: 897
Processor Information for processor 11
  Max Mhz: 1300, Current Mhz: 900, Mhz Limit: 897

Memory: 4k page, system-wide physical 7863M (272M free)
TotalPageFile size 23007M (AvailPageFile size 281M)
current process WorkingSet (physical memory assigned to process): 525M, peak: 544M
current process commit charge ("private bytes"): 724M, peak: 1016M

vm_info: OpenJDK 64-Bit Server VM (17.0.20+8-LTS) for windows-amd64 JRE (17.0.20+8-LTS), built on Jul 14 2026 18:14:29 by "MicrosoftCorporation" with MS VC++ 17.14 (VS2022)

END.
